i06,e08,c5,p17,l2,7061
i06,e10,c5,p10,l3,106570
i06,e11,c5,p05,l2,6104
i38,e10,c1,p29,l3,3768
i18,e08,c1,p35,l3,15
i06,e10,c5,p03,l4,2842
i38,e10,c1,p24,l3,6162
i06,e10,c5,p14,l4,6599
i38,e10,c1,p25,l3,1538
i06,e01,c5,p14,l3,4829
i06,e12,c5,p11,l3,1041
i16,e04,c5,p04,l3,11
i39,e04,c5,p10,l3,142
i38,e11,c1,p01,l2,5044
i06,e04,c5,p22,l1,4966
i38,e11,c1,p29,l2,4847
i38,e09,c1,p29,l2,4784
i13,e08,c5,p10,l3,22
i38,e04,c1,p13,l1,5362
i13,e08,c5,p05,l3,7
i38,e01,c1,p11,l3,123
i39,e09,c5,p12,l3,18
i06,e10,c5,p29,l4,1855
i38,e10,c4,p12,l3,75
i06,e10,c5,p25,l2,4783
i38,e10,c1,p12,l2,4810
i38,e10,c1,p09,l2,4778
i41,e04,c1,p06,l3,2
i38,e10,c4,p21,l3,82
i39,e09,c5,p05,l3,14
i02,e04,c1,p15,l3,72
i38,e10,c4,p28,l3,80
i39,e01,c5,p01,l3,34
i19,e03,c5,p10,l3,7
i05,e06,c1,p35,l3,7
i38,e01,c1,p22,l3,38
i42,e05,c3,p15,l3,15
i02,e01,c1,p09,l3,37
i46,e09,c1,p35,l3,145
i17,e09,c5,p29,l3,21
i02,e04,c1,p06,l3,8
i14,e08,c5,p22,l3,109
i06,e09,c5,p18,l2,4794
i06,e10,c3,p21,l2,4766
i38,e10,c1,p15,l2,4827
i46,e01,c1,p10,l3,9
i34,e01,c5,p32,l3,11
i30,e01,c1,p03,l3,4
i14,e11,c5,p13,l3,1
i23,e01,c5,p23,l3,2
i03,e10,c5,p14,l3,4761
i41,e04,c1,p29,l3,9
i35,e01,c2,p35,l3,4
i41,e01,c1,p11,l3,3
i38,e10,c4,p05,l2,4765
i06,e05,c5,p05,l1,4766
i43,e04,c1,p01,l3,7
i38,e08,c7,p13,l2,4769
i46,e01,c1,p14,l3,4760
i30,e09,c1,p19,l3,21
i41,e07,c1,p04,l3,3
i48,e04,c1,p01,l3,4
i05,e03,c1,p03,l3,2
i41,e07,c1,p23,l3,5
i05,e01,c1,p04,l3,3
i21,e03,c1,p15,l3,5
i26,e09,c1,p35,l3,1
i41,e09,c1,p03,l3,2
i39,e01,c5,p16,l3,17
i66,e04,c3,p19,l3,1
i41,e07,c1,p06,l3,2
i23,e08,c5,p10,l3,3
i14,e08,c5,p31,l3,2
i66,e04,c3,p25,l3,1
i20,e05,c5,p35,l3,1
i14,e11,c5,p17,l3,2
i06,e02,c5,p02,l1,9520
i41,e07,c1,p11,l3,3
i17,e08,c5,p31,l3,2
i41,e08,c1,p05,l3,2
i38,e01,c4,p11,l3,1
i42,e05,c5,p17,l3,2
i06,e02,c3,p21,l1,9519
i06,e09,c3,p14,l2,9519
i30,e09,c1,p13,l3,1
i30,e09,c1,p06,l3,1
i30,e01,c1,p11,l3,2
i48,e11,c1,p28,l3,1
i101,e09,c1,p35,l3,1
i56,e08,c5,p10,l3,1
i42,e02,c5,p15,l3,4760
i13,e04,c5,p10,l3,1
i06,e01,c3,p04,l3,1
i06,e10,c5,p07,l4,2747
i06,e10,c5,p21,l4,3840
i38,e10,c1,p03,l3,15194
i06,e10,c5,p11,l3,34222
i06,e10,c5,p05,l4,3677
i38,e10,c1,p16,l3,7637
i02,e04,c1,p10,l3,437
i119,e05,c5,p35,l3,2
i38,e10,c1,p12,l3,11510
i42,e02,c5,p21,l3,4760
i06,e04,c5,p06,l1,4835
i34,e03,c5,p21,l3,72
i06,e10,c5,p04,l3,17536
i06,e12,c5,p35,l3,468
i34,e04,c5,p17,l3,28
i17,e04,c5,p03,l3,85
i06,e04,c5,p16,l1,4935
i06,e01,c5,p21,l3,114
i39,e01,c5,p21,l3,68
i06,e10,c5,p33,l3,146
i06,e10,c5,p01,l1,4878
i17,e09,c5,p03,l3,26
i38,e10,c7,p13,l4,66
i06,e11,c5,p07,l2,5694
i14,e08,c5,p24,l3,30
i06,e01,c5,p26,l3,5
i02,e04,c1,p11,l3,201
i02,e04,c1,p21,l3,215
i39,e01,c5,p11,l3,13
i38,e11,c1,p32,l2,4785
i38,e10,c1,p04,l2,4781
i05,e07,c1,p17,l3,41
i01,e04,c1,p19,l3,7
i39,e09,c5,p17,l3,3
i38,e11,c4,p29,l2,4760
i06,e10,c5,p22,l2,4804
i32,e11,c5,p35,l3,21
i06,e10,c3,p04,l4,23
i02,e11,c1,p21,l3,3
i30,e04,c1,p11,l3,12
i38,e10,c1,p12,l1,4784
i34,e09,c5,p02,l3,4767
i14,e11,c5,p15,l3,3
i46,e01,c1,p32,l3,7
i18,e04,c1,p35,l3,16
i06,e08,c5,p30,l2,5076
i01,e08,c1,p15,l3,1
unknown,e01,c1,p35,l3,1
i29,e04,c5,p10,l3,6
i07,e12,c5,p16,l3,2
i17,e11,c5,p23,l3,4
i05,e12,c1,p22,l3,5
i13,e11,c5,p11,l3,21
i05,e01,c1,p11,l3,4
i100,e11,c5,p35,l3,1
i13,e11,c5,p12,l3,4
i32,e08,c5,p35,l3,11
i41,e08,c1,p17,l3,5
i67,e10,c5,p24,l3,8
i43,e08,c1,p19,l3,14
i46,e08,c1,p23,l3,3
i38,e08,c1,p35,l2,4768
i38,e09,c1,p02,l2,4772
i02,e01,c4,p07,l3,4
i03,e04,c5,p19,l3,2
i05,e03,c1,p21,l3,1
i03,e09,c5,p06,l3,1
i36,e01,c5,p35,l3,2
i27,e04,c5,p29,l3,13
i38,e12,c4,p03,l3,1
i136,e05,c1,p12,l3,1
i30,e09,c1,p12,l3,3
i67,e01,c5,p19,l3,1
i06,e12,c5,p30,l3,4
i34,e01,c5,p06,l3,3
i14,e12,c5,p17,l3,1
i27,e09,c5,p13,l3,2
i05,e09,c1,p24,l3,1
i03,e04,c5,p16,l3,1
i43,e04,c1,p12,l3,1
i30,e04,c1,p26,l3,1
i48,e04,c1,p12,l3,1
i03,e01,c5,p19,l3,1
i38,e07,c1,p17,l2,4760
i38,e10,c1,p19,l3,35700
i14,e09,c5,p15,l3,1
i06,e08,c5,p24,l2,6404
i38,e10,c1,p10,l4,12854
i38,e10,c1,p22,l3,2695
i14,e08,c5,p32,l3,8
i06,e08,c5,p23,l2,5252
i12,e08,c5,p10,l3,16
i38,e08,c1,p19,l2,5311
i38,e06,c1,p20,l3,4857
i38,e09,c1,p20,l2,9520
i30,e09,c1,p10,l3,15
i12,e08,c5,p15,l3,5
i38,e09,c1,p21,l2,4825
i38,e10,c1,p11,l2,4851
i38,e06,c1,p24,l3,399
i06,e10,c3,p05,l3,41
i05,e12,c1,p07,l3,11
i41,e04,c1,p03,l3,6
i06,e09,c5,p03,l2,4811
i38,e04,c1,p04,l1,4778
i06,e10,c3,p11,l4,28
i39,e09,c5,p14,l3,4769
i38,e06,c4,p02,l3,4788
i38,e10,c4,p20,l4,4777
i19,e01,c5,p10,l3,5
i38,e01,c1,p06,l3,18
i17,e09,c5,p25,l3,8
i01,e11,c1,p10,l3,2
i34,e08,c5,p02,l3,4769
i17,e08,c5,p04,l3,58
i06,e09,c5,p32,l2,4765
i17,e11,c5,p32,l3,3
i41,e01,c1,p12,l3,7
i41,e04,c1,p01,l3,10
i42,e05,c5,p35,l3,7
i59,e12,c5,p21,l3,6
i13,e11,c5,p18,l3,5
i38,e05,c1,p01,l1,4760
i66,e09,c3,p24,l3,4
i05,e08,c1,p04,l3,6
i67,e04,c5,p29,l3,7
i41,e01,c1,p29,l3,11
i03,e10,c5,p11,l3,4
i02,e04,c1,p24,l3,11
i13,e12,c5,p12,l3,4
i38,e09,c1,p28,l2,4767
i12,e08,c5,p03,l3,2
i14,e08,c3,p28,l3,1
i06,e10,c3,p15,l1,4761
i14,e11,c5,p14,l3,4760
i38,e10,c1,unknown,l4,15
i07,e01,c5,p13,l3,3
i01,e01,c1,p22,l3,2
i27,e10,c5,p03,l3,2
i06,e01,c5,p30,l3,5
i06,e10,c3,p13,l3,4
i22,e02,c5,p05,l3,4760
i38,e08,c4,p16,l2,4763
i06,e02,c5,p18,l1,9519
i13,e03,c5,p35,l3,2
i04,e05,c3,p24,l3,1
i12,e01,c5,p29,l3,1
i38,e11,c4,p04,l2,4760
i01,e09,c1,p32,l3,1
i42,e05,c5,p31,l3,1
i30,e09,c1,p03,l3,1
i14,e11,c5,p11,l3,1
i06,e08,c3,p22,l2,4760
i44,e04,c3,p24,l3,1
i17,e04,c5,p10,l3,253
i06,e10,c5,p16,l3,42809
i06,e08,c5,p04,l2,6088
i38,e10,c1,p11,l4,2656
i44,e04,c3,p35,l3,10
i17,e04,c5,p11,l3,48
i06,e09,c5,p12,l2,4839
i06,e01,c5,p03,l3,73
i38,e04,c1,p17,l1,4850
i17,e01,c5,p21,l3,23
i02,e04,c1,p19,l3,684
i39,e04,c5,p05,l3,46
i43,e09,c1,p19,l3,3
i06,e10,c5,p19,l1,4910
i38,e10,c4,p13,l3,170
i38,e10,c4,p10,l4,154
i02,e01,c1,p13,l3,108
i06,e10,c5,p11,l2,4851
i38,e10,c4,p09,l3,77
i38,e12,c1,p18,l3,277
i46,e11,c4,p35,l3,449
i38,e04,c1,p05,l1,4833
i38,e04,c1,p22,l1,4764
i38,e09,c7,p13,l2,4762
i38,e10,c4,p19,l3,198
i02,e09,c1,p15,l3,54
i17,e11,c5,p08,l3,38
i06,e10,c3,p22,l3,33
i16,e08,c5,p24,l3,18
i39,e04,c5,p02,l3,4772
i06,e10,c5,p18,l1,4809
i02,e09,c1,p04,l3,58
i46,e01,c1,p15,l3,10
i06,e10,c5,p07,l1,4821
i06,e10,c3,p17,l4,4
i38,e10,c4,p32,l1,4764
i41,e04,c1,p15,l3,9
i17,e11,c5,p22,l3,44
i17,e04,c5,p31,l3,6
i14,e08,c5,p18,l3,24
i14,e04,c5,p05,l3,2
i23,e04,c5,p06,l3,1
i47,e09,c4,p35,l3,4
i38,e10,c1,p03,l1,4786
i43,e01,c1,p11,l3,1
i38,e11,c4,p15,l2,4765
i41,e07,c1,p29,l3,5
i06,e10,c3,p19,l2,4760
i38,e10,c4,p18,l4,13
i46,e09,c1,p03,l3,3
i16,e08,c5,p11,l3,12
i81,e04,c5,p35,l3,5
i14,e11,c3,p35,l3,3
i05,e03,c1,p32,l3,2
i34,e09,c5,p35,l3,18
i13,e08,c5,p03,l3,1
i43,e03,c1,p04,l3,3
i34,e08,c5,p15,l3,22
i29,e09,c5,p10,l3,1
i14,e04,c5,p22,l3,2
i01,e08,c1,p02,l3,4763
i41,e09,c1,p24,l3,3
i23,e03,c5,p18,l3,1
i05,e05,c1,p35,l3,1
i12,e08,c5,p23,l3,1
i27,e09,c5,p16,l3,2
i03,e04,c5,p10,l3,2
i22,e05,c5,p16,l3,1
i38,e12,c1,p23,l3,1
i13,e08,c5,p02,l3,4760
i07,e04,c5,p29,l3,1
i06,e11,c5,p28,l2,4945
i38,e10,c1,p28,l3,1610
i06,e04,c5,p11,l1,4926
i06,e08,c5,p22,l2,6246
i38,e10,c1,p03,l4,2950
i14,e08,c5,p13,l3,11
i28,e08,c1,p35,l3,34843
i17,e08,c5,p02,l3,4788
i38,e08,c1,p21,l2,4825
i03,e09,c5,p11,l3,3
i38,e06,c1,p28,l3,158
i05,e01,c1,p15,l3,5
i05,e03,c1,p15,l3,1
i38,e04,c1,p24,l1,4819
i02,e09,c1,p19,l3,475
i46,e11,c1,p16,l3,261
i38,e10,c4,p08,l3,90
i02,e04,c1,p13,l3,121
i02,e04,c1,p16,l3,85
i02,e08,c1,p28,l3,59
i38,e10,c4,p29,l3,166
i34,e03,c5,p13,l3,45
i38,e09,c4,p10,l2,4797
i38,e04,c1,p32,l1,4776
i06,e11,c5,p32,l2,4974
i34,e03,c5,p32,l3,51
i38,e09,c4,p01,l2,4761
i02,e01,c1,p17,l3,75
i41,e04,c1,p35,l3,12
i41,e11,c1,p13,l3,14
i41,e04,c1,p10,l3,22
i38,e06,c4,p01,l3,12
i30,e04,c1,p19,l3,31
i17,e04,c5,p06,l3,54
i02,e09,c1,p22,l3,11
i06,e01,c5,p25,l3,30
i13,e11,c5,p19,l3,36
i39,e01,c5,p25,l3,1
i46,e08,c1,p03,l3,39
i12,e08,c5,p19,l3,16
i27,e08,c5,p05,l3,3
i05,e12,c1,p01,l3,8
i06,e12,c5,p20,l3,4773
i17,e04,c5,p26,l3,2
i14,e04,c5,p19,l3,5
i67,e10,c5,p19,l3,10
i17,e01,c5,p31,l3,7
i45,e01,c1,p01,l3,1
i14,e08,c3,p10,l3,6
i25,e11,c5,p19,l3,4
i38,e07,c1,p13,l2,4763
i06,e09,c5,p17,l2,4808
i43,e01,c1,p19,l3,4
i03,e09,c5,p21,l3,5
i88,e11,c1,p35,l3,5
i01,e08,c1,p23,l3,12
i34,e03,c5,p08,l3,5
i24,e08,c1,p05,l3,3
i38,e11,c4,p23,l2,4760
i12,e01,c5,p01,l3,1
i05,e09,c1,p07,l3,1
i05,e12,c1,p17,l3,6
i66,e01,c3,p24,l3,2
i16,e09,c5,p13,l3,4
i06,e07,c5,p14,l2,9519
i06,e10,c3,p09,l4,5
i21,e03,c1,p16,l3,2
i07,e12,c3,p35,l3,1
i01,e11,c1,p25,l3,2
unknown,e03,c1,p35,l3,2
i05,e03,c1,p24,l3,2
i46,e06,c1,p15,l3,2
i46,e01,c1,unknown,l3,4
i34,e01,c5,p02,l3,4760
i72,e01,c1,p35,l3,2
i66,e04,c3,p18,l3,1
i38,e12,c1,p21,l3,3
i43,e08,c1,p23,l3,1
i05,e01,c1,p06,l3,1
i06,e02,c5,p14,l1,14278
i06,e08,c5,p26,l2,5177
i02,e08,c1,p12,l3,610
i06,e04,c5,p05,l1,4952
i38,e10,c1,p02,l4,5461
i38,e10,c1,p35,l2,5436
i38,e06,c1,p13,l3,3422
i38,e10,c1,p08,l3,2746
i38,e10,c1,p22,l4,511
i38,e08,c1,p05,l2,5039
i39,e04,c5,p21,l3,130
i39,e09,c5,p24,l3,7
i38,e06,c1,p03,l3,905
i38,e11,c1,p20,l2,9534
i38,e10,c1,p15,l1,4814
i02,e04,c1,p29,l3,67
i34,e03,c5,p02,l3,4791
i38,e12,c1,p03,l3,18
i17,e11,c5,p14,l3,4865
i05,e01,c1,p35,l3,30
i13,e11,c5,p01,l3,25
i02,e11,c1,p28,l3,1
i22,e05,c5,p05,l3,1
i34,e04,c5,p03,l3,16
i30,e04,c1,p21,l3,41
i17,e01,c5,p05,l3,26
i17,e09,c5,p31,l3,4
i41,e09,c1,p15,l3,6
i05,e06,c1,p07,l3,2
i23,e01,c5,p15,l3,5
i23,e04,c5,p01,l3,20
i38,e04,c1,p23,l1,4772
i03,e09,c5,p22,l3,1
i05,e12,c1,p16,l3,12
i12,e08,c5,p18,l3,8
i12,e04,c5,p01,l3,5
i17,e04,c5,p08,l3,8
i01,e09,c1,p10,l3,14
i23,e03,c5,p01,l3,9
i46,e09,c1,p08,l3,1
i34,e08,c5,p28,l3,4
i06,e01,c3,p05,l3,2
i16,e01,c5,p07,l3,1
i05,e12,c1,p24,l3,5
i16,e01,c5,p19,l3,5
i05,e08,c1,p07,l3,2
i46,e04,c1,p03,l3,5
i13,e08,c5,p07,l3,4
i23,e04,c5,p05,l3,1
i03,e01,c5,p12,l3,1
i38,e11,c1,p34,l2,4761
i05,e06,c1,p24,l3,1
i02,e01,c4,p18,l3,1
i01,e11,c1,p11,l3,2
i38,e11,c4,p21,l2,4761
i38,e01,c1,unknown,l3,2
i43,e04,c1,p17,l3,2
i63,e01,c1,p35,l3,1
i03,e09,c5,p24,l3,1
i06,e05,c5,p17,l1,4760
i30,e09,c1,p35,l3,1
i01,e04,c1,p32,l3,1
i88,e08,c1,p35,l3,1
i06,e12,c5,p10,l3,2029
i06,e04,c5,p21,l1,5033
i17,e08,c5,p16,l3,57
i38,e08,c1,p30,l2,4762
i38,e10,c1,p19,l4,5686
i02,e04,c1,p17,l3,88
i12,e08,c5,p04,l3,10
i17,e08,c5,p21,l3,99
i38,e11,c1,p14,l2,9595
i38,e06,c1,p01,l3,1345
i02,e08,c1,p08,l3,52
i38,e10,c1,p20,l3,5674
i05,e09,c1,p10,l3,9
i17,e04,c5,p35,l3,49
i38,e01,c1,p03,l3,67
i06,e10,c5,p09,l1,4785
i14,e08,c5,p05,l3,5
i36,e08,c5,p35,l3,55
i41,e07,c1,p25,l3,2
i38,e11,c4,p12,l2,4763
i38,e09,c1,p16,l2,4793
i05,e08,c1,p10,l3,32
i06,e10,c3,p29,l4,37
i38,e10,c1,p30,l4,102
i06,e01,c5,p11,l3,55
i05,e08,c1,p35,l3,3597
i17,e11,c5,p04,l3,97
i38,e06,c4,p15,l3,50
i19,e03,c5,p35,l3,1
i39,e09,c5,p22,l3,10
i06,e10,c3,p20,l4,4760
i32,e12,c5,p13,l3,2
i05,e08,c1,p16,l3,5
i18,e01,c1,p35,l3,22
i38,e10,c4,p03,l4,78
i05,e06,c1,p19,l3,7
i17,e04,c5,p07,l3,42
i38,e04,c1,p03,l1,4826
i41,e08,c1,p01,l3,23
i34,e08,c5,p35,l3,55
i03,e04,c5,p17,l3,1
i38,e04,c1,p14,l1,9572
i34,e08,c5,p16,l3,10
i23,e09,c5,p04,l3,6
i05,e06,c1,p15,l3,4
i03,e08,c5,p12,l3,36
i02,e08,c4,p19,l3,20
i02,e09,c1,p08,l3,19
i16,e04,c5,p10,l3,10
i50,e09,c1,p10,l3,1
i17,e09,c5,p14,l3,4767
i23,e03,c5,p23,l3,4
i34,e09,c5,p21,l3,8
i38,e10,c7,p13,l2,4763
i39,e01,c5,p06,l3,7
i32,e08,c5,p23,l3,3
i41,e04,c1,p13,l3,3
i06,e10,c3,p14,l4,4763
i43,e01,c1,p01,l3,10
i38,e01,c1,p23,l3,8
i41,e08,c1,p19,l3,15
i38,e07,c1,p09,l2,4765
i03,e04,c5,p29,l3,8
i14,e08,c3,p07,l3,2
i05,e07,c1,p35,l3,13
i38,e10,c1,p23,l1,4763
i41,e01,c1,p09,l3,1
i38,e11,c4,p22,l2,4760
i17,e01,c5,p23,l3,3
i46,e08,c4,p19,l3,4
i19,e04,c5,p35,l3,5
i05,e08,c1,p29,l3,4
i42,e02,c5,p19,l3,4763
i25,e10,c5,p19,l4,3
i05,e07,c1,p12,l3,2
i39,e01,c5,p23,l3,2
i14,e12,c5,p04,l3,1
i06,e05,c5,p21,l1,4760
i80,e01,c3,p35,l3,1
i48,e11,c1,p02,l3,4761
i05,e04,c1,p23,l3,1
i06,e09,c3,p29,l2,4760
i91,e08,c1,p10,l3,1
i38,e07,c4,p17,l2,4760
i41,e08,c1,p16,l3,1
i17,e08,c5,p29,l3,27
i17,e04,c5,p13,l3,87
i38,e12,c1,p05,l3,15
i38,e11,c1,p02,l2,4835
i38,e06,c1,p15,l3,921
i38,e04,c1,p02,l1,9528
i14,e08,c5,p11,l3,8
i38,e06,c1,p16,l3,603
i38,e11,c1,p35,l2,4835
i17,e04,c5,p15,l3,62
i14,e08,c5,p01,l3,9
i06,e10,c5,p28,l3,7477
i06,e10,c5,p30,l3,628
i38,e04,c1,p11,l1,4921
i34,e03,c5,p29,l3,50
i38,e06,c1,p29,l3,694
i19,e10,c3,p10,l2,4767
i17,e11,c5,p19,l3,184
i38,e10,c4,p01,l3,183
i38,e11,c1,p13,l2,5033
i13,e08,c5,p17,l3,7
i34,e01,c5,p08,l3,1
i06,e10,c5,p35,l1,4800
i38,e09,c1,p05,l2,4817
i02,e01,c1,p18,l3,19
i06,e10,c5,p02,l2,4825
i06,e01,c5,p09,l3,23
i06,e10,c5,p24,l2,4829
i39,e09,c5,p29,l3,33
i39,e04,c5,p13,l3,54
i06,e01,c5,p32,l3,14
i05,e07,c1,p19,l3,17
i07,e04,c5,p17,l3,3
i17,e04,c5,p23,l3,5
i06,e11,c3,p24,l2,4790
i34,e03,c5,p23,l3,42
i06,e09,c5,p25,l2,4788
i46,e01,c1,p19,l3,15
i02,e09,c1,p18,l3,21
i06,e10,c3,p31,l3,16
i03,e10,c5,p22,l3,7
i05,e12,c1,p12,l3,4
i38,e08,c4,p10,l2,4806
i38,e08,c1,p28,l2,4774
i34,e03,c5,p17,l3,90
i38,e08,c4,p05,l2,4760
i01,e08,c1,p03,l3,31
i16,e08,c5,p26,l3,2
i47,e04,c4,p35,l3,2
i25,e10,c5,p01,l4,15
i63,e03,c1,p35,l3,2
i41,e01,c1,p28,l3,4
i72,e08,c1,p35,l3,5
i34,e01,c5,p16,l3,2
i01,e04,c1,p10,l3,16
i23,e09,c5,p10,l3,6
i38,e06,c4,p04,l3,10
i17,e01,c5,p22,l3,2
i17,e08,c5,p09,l3,9
i42,e05,c5,p20,l3,4760
i18,e12,c1,p35,l3,1
i46,e04,c1,p16,l3,5
i06,e01,c3,p11,l3,2
i06,e10,c3,p07,l4,6
i41,e09,c1,p35,l3,8
i38,e12,c1,p29,l3,3
i06,e02,c5,p19,l1,9519
i05,e01,c1,p18,l3,2
i05,e08,c1,p19,l3,2
i05,e12,c1,p28,l3,4
i05,e04,c1,p18,l3,4
i01,e04,c1,p29,l3,1
i41,e12,c1,p04,l3,1
i03,e04,c5,p11,l3,1
i42,e05,c5,p15,l3,1
i38,e11,c4,p18,l2,4760
i06,e10,c3,p10,l2,4760
i38,e10,c4,p18,l2,4760
i43,e09,c1,p04,l3,1
i23,e04,c5,p20,l3,4760
i03,e04,c5,p04,l3,2
unknown,e04,c5,p35,l3,1
i06,e11,c5,p21,l2,5751
i06,e08,c5,p29,l2,5664
i06,e08,c5,p11,l2,6711
i34,e03,c5,p12,l3,48
i38,e10,c1,p11,l3,14541
i17,e04,c5,p21,l3,114
i06,e09,c5,p21,l2,4891
i38,e10,c1,p15,l4,1990
i06,e01,c5,p18,l3,55
i38,e10,c1,p26,l4,46
i38,e10,c1,p32,l4,539
i38,e11,c1,p10,l2,5966
i38,e11,c1,p07,l2,4933
i34,e04,c5,p12,l3,4
i06,e01,c5,p19,l3,235
i06,e10,c5,p18,l3,20949
i38,e01,c1,p16,l3,47
i38,e11,c1,p17,l2,4918
i06,e10,c5,p22,l4,1218
i17,e09,c5,p19,l3,31
i14,e08,c5,p03,l3,13
i38,e10,c4,p32,l3,592
i02,e01,c1,p15,l3,51
i06,e10,c5,p14,l2,9552
i63,e10,c1,p35,l3,186
i16,e01,c5,p12,l3,3
i39,e01,c5,p19,l3,44
i22,e05,c5,p35,l3,31
i46,e08,c1,p08,l3,44
i02,e01,c1,p12,l3,84
i30,e09,c1,p17,l3,3
i41,e08,c1,p11,l3,12
i39,e01,c5,p10,l3,31
i43,e08,c1,p35,l3,51
i38,e10,c1,p25,l2,4769
i38,e06,c4,p22,l3,28
i48,e11,c1,p01,l3,2
i02,e09,c1,p16,l3,45
i05,e08,c1,p11,l3,44
i61,e01,c1,p35,l3,4
i17,e01,c5,p35,l3,2
i43,e04,c1,p10,l3,11
i34,e04,c5,p05,l3,17
i14,e08,c5,p17,l3,23
i06,e10,c3,p21,l4,21
i23,e04,c5,p19,l3,5
i27,e01,c5,p19,l3,1
i16,e09,c5,p05,l3,10
i05,e09,c1,p19,l3,11
i38,e10,c1,p06,l1,4770
i38,e11,c4,p35,l2,4763
i30,e01,c1,p19,l3,6
i06,e11,c5,p26,l2,4787
i23,e01,c5,p01,l3,5
i101,e01,c1,p10,l3,1
i06,e10,c3,p29,l1,4761
i41,e01,c1,p17,l3,3
i14,e01,c5,p24,l3,5
i12,e12,c5,p11,l3,1
i41,e01,c1,p03,l3,2
i41,e08,c1,p26,l3,4
i16,e01,c5,p11,l3,2
i17,e09,c5,p08,l3,1
i19,e09,c5,p35,l3,2
i33,e11,c1,p02,l3,4760
i65,e01,c3,p35,l3,1
i59,e08,c5,p10,l3,2
i76,e09,c5,p35,l3,2
i05,e12,c1,p08,l3,1
i05,e06,c1,p09,l3,1
i38,e10,c4,p04,l1,4760
i12,e01,c5,p21,l3,2
i32,e01,c5,p03,l3,1
i06,e05,c5,p04,l1,4760
i05,e06,c1,p08,l3,1
i21,e01,c1,p15,l3,1
i06,e04,c5,p26,l1,4767
i06,e10,c5,p24,l3,24264
i38,e08,c1,p12,l2,4902
i06,e11,c3,p10,l2,4805
i17,e04,c5,p20,l3,4785
i16,e08,c5,p16,l3,21
i38,e11,c1,p15,l2,4947
i38,e10,c1,p04,l4,800
i38,e08,c1,p10,l2,5956
i06,e11,c5,p29,l2,5397
i03,e04,c5,p22,l3,1
i06,e11,c5,p23,l2,5147
i06,e09,c5,p26,l2,4762
i02,e08,c1,p23,l3,471
i06,e01,c5,p01,l3,119
i41,e01,c1,p10,l3,30
i06,e08,c3,p01,l2,4792
i14,e08,c5,p29,l3,14
i06,e09,c5,p29,l2,4814
i02,e01,c1,p11,l3,151
i46,e11,c1,p19,l3,66
i06,e10,c5,p15,l2,4891
i41,e01,c1,p21,l3,10
i06,e11,c5,p09,l2,5001
i41,e07,c1,p16,l3,22
i38,e10,c4,p24,l4,40
i02,e04,c1,p05,l3,58
i38,e11,c4,p06,l2,4762
i39,e01,c5,p09,l3,7
i06,e04,c5,p28,l1,4835
i17,e11,c5,p29,l3,40
i41,e09,c1,p29,l3,9
i16,e01,c5,p32,l3,1
i06,e11,c3,p16,l2,4763
i42,e05,c5,p25,l3,1
i02,e09,c1,p09,l3,32
i38,e08,c7,p10,l2,4787
i38,e12,c1,p28,l3,6
i34,e01,c5,p07,l3,11
i41,e01,c1,p16,l3,3
i23,e04,c5,p07,l3,9
i29,e04,c5,p21,l3,1
i23,e08,c5,p17,l3,6
i46,e08,c1,p15,l3,6
i38,e10,c4,p31,l3,2
i39,e09,c5,p06,l3,2
i01,e01,c1,p24,l3,1
i23,e03,c5,p15,l3,3
i29,e01,c5,p10,l3,3
i16,e04,c5,p01,l3,11
i16,e01,c5,p17,l3,4
i16,e01,c5,p09,l3,1
i05,e11,c1,p10,l3,1
i46,e08,c4,p16,l3,1
i41,e08,c1,p07,l3,2
i09,e01,c5,p35,l3,1
i16,e04,c5,p13,l3,4
i22,e05,c5,p07,l3,1
i01,e09,c1,p01,l3,1
i27,e01,c5,p14,l3,4760
i23,e03,c5,p35,l3,1
i05,e07,c1,p04,l3,1
i38,e12,c1,p20,l3,4760
i38,e06,c4,p09,l3,1
i23,e04,c5,p08,l3,1
i01,e04,c1,p15,l3,1
i16,e08,c5,p06,l3,1
i41,e09,c1,p09,l3,2
i34,e03,c5,p30,l3,1
i15,e04,c2,p35,l3,1972
i34,e03,c5,p19,l3,233
i17,e08,c5,p15,l3,55
i06,e08,c5,p21,l2,7717
i06,e12,c5,p07,l3,1068
i06,e01,c5,p02,l3,4864
i17,e08,c5,p17,l3,70
i06,e12,c5,p14,l3,5402
i34,e08,c5,p21,l3,83
i06,e10,c5,p07,l3,30894
i38,e10,c1,p29,l4,840
i17,e08,c5,p05,l3,19
i48,e11,c1,p03,l3,12
i38,e01,c1,p25,l3,7
i06,e09,c5,p35,l2,4793
i38,e10,c1,p35,l4,662
i02,e04,c1,p03,l3,191
i06,e10,c3,p15,l3,523
i38,e10,c1,p01,l2,4830
i06,e10,c5,p13,l1,4825
i38,e01,c1,unknown,l3,4
i38,e06,c7,p13,l3,60
i02,e08,c1,p16,l3,48
i06,e10,c5,p12,l1,4801
i02,e04,c1,p07,l3,59
i39,e09,c5,p16,l3,9
i39,e09,c5,p02,l3,4763
i39,e04,c5,p29,l3,64
i38,e06,c4,p03,l3,61
i38,e06,c4,p21,l3,1
i38,e06,c4,p06,l3,57
i16,e08,c5,p32,l3,5
i38,e10,c4,p28,l4,16
i49,e09,c1,p33,l3,2
i14,e08,c5,p07,l3,15
i67,e01,c5,p04,l3,3
i23,e09,c5,p08,l3,4
i30,e04,c1,p07,l3,2
i13,e11,c5,p16,l3,16
i16,e08,c5,p03,l3,8
i48,e11,c1,p24,l3,3
i38,e08,c4,p01,l2,4763
i17,e01,c5,p04,l3,8
i76,e04,c5,p04,l3,1
i46,e01,c1,p11,l3,3
i41,e07,c1,p09,l3,2
i16,e01,c5,p21,l3,7
i05,e09,c1,p32,l3,7
i30,e09,c1,p15,l3,2
i23,e09,c5,p18,l3,2
i43,e01,c1,p23,l3,2
i03,e04,c5,p12,l3,8
i05,e05,c1,p20,l3,4760
i48,e08,c1,p01,l3,2
i01,e08,c1,p04,l3,3
i12,e09,c5,p05,l3,2
i03,e08,c5,p05,l3,1
i21,e03,c1,p26,l3,2
i07,e01,c5,p07,l3,1
i33,e08,c1,p02,l3,4760
i01,e01,c1,p02,l3,4760
i23,e09,c5,p25,l3,2
i05,e09,c1,p17,l3,1
i38,e09,c1,p35,l2,4760
i06,e11,c5,p19,l2,7073
i38,e09,c1,p17,l2,4845
i16,e11,c5,p10,l3,6
i38,e11,c1,p11,l2,5039
i06,e10,c3,p21,l3,155
i06,e12,c5,p06,l3,479
i06,e10,c5,p32,l4,798
i38,e10,c1,p32,l3,2326
i17,e01,c5,p10,l3,112
i17,e11,c5,p11,l3,129
i38,e06,c1,p32,l3,191
i38,e08,c1,p22,l2,4830
i06,e04,c5,p35,l1,4890
i38,e10,c1,p17,l4,1715
i38,e10,c1,p33,l3,57
i38,e01,c1,p01,l3,82
i34,e01,c5,p35,l3,25
i14,e08,c3,p19,l3,7
i31,e08,c1,p35,l3,3941
i06,e10,c5,p07,l2,4841
i38,e01,c7,p10,l3,2
i05,e12,c1,p04,l3,19
i38,e09,c7,p10,l2,4762
i63,e10,c1,p10,l2,4773
i02,e01,c1,p03,l3,104
i05,e12,c1,p14,l3,4765
i01,e11,c1,p03,l3,2
i06,e10,c5,p10,l2,4892
i06,e10,c3,p02,l3,4836
i41,e07,c1,p10,l3,40
i12,e09,c5,p10,l3,3
i38,e10,c1,p22,l2,4771
i34,e03,c5,p09,l3,27
i05,e12,c1,p02,l3,4760
i34,e01,c5,p09,l3,5
i21,e03,c1,p11,l3,4
i06,e10,c5,p13,l2,4808
i38,e12,c1,p19,l3,63
i19,e10,c5,p10,l2,4765
i07,e12,c5,p17,l3,8
i12,e09,c5,p22,l3,2
i06,e12,c5,p25,l3,69
i34,e08,c5,p05,l3,32
i38,e06,c1,p30,l3,21
i19,e08,c5,p35,l3,5
i02,e01,c1,p06,l3,8
i39,e01,c5,p31,l3,4
i12,e01,c5,p13,l3,1
i06,e09,c5,p08,l2,4764
i05,e09,c1,p04,l3,6
i13,e08,c5,p24,l3,2
i14,e04,c5,p21,l3,7
i16,e09,c5,p01,l3,3
i01,e01,c1,p15,l3,1
i32,e04,c5,p35,l3,3
i46,e09,c1,p33,l3,9
i06,e02,c5,p15,l1,9521
i38,e07,c1,p11,l2,4762
i38,e10,c4,p11,l2,4765
i03,e10,c5,p05,l3,2
i02,e11,c1,p22,l3,1
i38,e11,c4,p14,l2,9521
i19,e12,c5,p10,l3,3
i30,e01,c1,p29,l3,5
i23,e03,c5,p11,l3,3
i03,e01,c5,p24,l3,1
i27,e01,c5,p06,l3,1
i38,e07,c1,p21,l2,4761
i05,e03,c1,p13,l3,5
i43,e08,c1,p01,l3,3
i06,e02,c5,p21,l1,9519
i38,e09,c1,p26,l2,4760
i67,e01,c5,p05,l3,1
i14,e11,c5,p12,l3,1
i38,e05,c1,p07,l1,4760
i48,e11,c1,p07,l3,1
i14,e08,c5,p19,l3,95
i14,e04,c3,p24,l3,1
i06,e04,c5,p19,l1,5219
i06,e01,c5,p05,l3,106
i17,e04,c5,p17,l3,53
i17,e04,c5,p02,l3,4788
i38,e10,c1,p31,l3,565
i07,e12,c5,p35,l3,155
i02,e01,c1,p14,l3,4844
i03,e10,c5,p24,l3,2
i16,e04,c5,p21,l3,18
i14,e08,c5,p15,l3,57
i34,e08,c5,p10,l3,82
i17,e08,c5,p20,l3,4781
i06,e10,c3,p03,l3,134
i06,e10,c3,p29,l3,494
i03,e10,c5,p10,l3,24
i38,e01,c1,p29,l3,23
i17,e11,c5,p17,l3,31
i38,e10,c4,p04,l3,88
i38,e10,c4,p12,l4,27
i06,e10,c5,p14,l1,9562
i38,e01,c1,p04,l3,21
i06,e10,c5,p16,l2,4833
i02,e01,c1,p32,l3,13
i34,e09,c5,p09,l3,5
i06,e10,c3,p06,l3,24
i38,e10,c4,p29,l4,42
i22,e05,c5,p24,l3,3
i06,e08,c3,p10,l2,4972
i39,e05,c5,p19,l3,1
i38,e10,c4,p24,l3,153
i05,e08,c1,p08,l3,8
i23,e01,c5,p03,l3,3
i08,e08,c1,p35,l3,4
i02,e09,c1,p25,l3,11
i38,e10,c1,p31,l1,4762
i07,e04,c5,p35,l3,8
i39,e04,c5,p32,l3,12
i41,e04,c1,p07,l3,2
i17,e04,c5,p18,l3,18
i34,e04,c5,p18,l3,8
i38,e04,c1,p16,l1,4771
i16,e09,c5,p03,l3,7
i12,e08,c5,p06,l3,1
i23,e04,c5,p02,l3,4760
i01,e08,c1,p06,l3,5
i09,e04,c5,p10,l3,1
i34,e09,c5,p05,l3,2
i05,e12,c1,p09,l3,3
i48,e11,c1,p12,l3,2
i38,e08,c4,p22,l2,4760
i34,e08,c5,p23,l3,4
i41,e01,c1,p14,l3,4761
i02,e05,c1,p10,l3,1
i14,e11,c5,p21,l3,2
i38,e11,c1,unknown,l2,4760
i38,e07,c1,p01,l2,4762
i38,e10,c4,p15,l1,4760
i39,e01,c5,p18,l3,1
i46,e09,c1,p29,l3,1
i07,e12,c5,p19,l3,1
i45,e04,c1,p04,l3,1
i06,e10,c5,p14,l3,25169
i06,e10,c5,p21,l3,38290
i38,e10,c1,p18,l4,988
i38,e06,c1,p10,l3,6363
i38,e10,c1,p08,l1,4762
i30,e09,c1,p18,l3,10
i06,e12,c5,p13,l3,837
i06,e08,c5,p35,l2,7036
i38,e04,c1,p01,l1,4809
i06,e12,c3,p16,l3,2
i46,e11,c1,p08,l3,273
i38,e06,c1,p08,l3,309
i14,e12,c5,p10,l3,316
i02,e08,c1,p17,l3,354
i38,e09,c1,p24,l2,4778
i06,e10,c5,p08,l1,4776
i06,e04,c5,p17,l1,4917
i06,e10,c5,p26,l1,4772
i34,e03,c5,p15,l3,131
i38,e09,c1,p19,l2,4910
i17,e11,c5,p24,l3,40
i06,e10,c5,p23,l1,4796
i38,e11,c1,p09,l2,4816
i38,e11,c1,p25,l2,4784
i02,e04,c1,p35,l3,95
i06,e12,c5,p26,l3,29
i38,e12,c1,p02,l3,4763
i41,e08,c1,p35,l3,47
i34,e08,c5,p24,l3,3
i38,e12,c1,p32,l3,3
i19,e10,c5,p35,l2,4775
i02,e09,c1,p02,l3,4779
i03,e01,c5,p21,l3,4
i06,e12,c5,p31,l3,49
i05,e03,c1,p35,l3,16
i17,e09,c5,p24,l3,15
i13,e11,c5,p10,l3,29
i39,e09,c5,p07,l3,11
i02,e09,c1,p12,l3,55
i46,e11,c4,p07,l3,37
i15,e04,c6,p35,l3,14322
i17,e04,c5,p16,l3,14
i14,e01,c5,p19,l3,6
i30,e04,c1,p01,l3,7
i42,e05,c5,p10,l3,8
i16,e08,c5,p14,l3,4800
i16,e04,c5,p14,l3,4785
i17,e09,c5,p22,l3,8
i05,e01,c1,p10,l3,14
i03,e10,c5,p21,l3,2
i72,e04,c1,p35,l3,9
i06,e05,c5,p06,l1,4760
i25,e03,c5,p35,l3,1
i38,e09,c1,p22,l2,4772
i46,e01,c4,p35,l3,4
i23,e01,c5,p04,l3,5
i39,e01,c5,p28,l3,14
i38,e10,c1,p21,l1,4770
i39,e04,c5,p11,l3,15
i16,e04,c5,p12,l3,13
i17,e08,c5,p08,l3,8
i02,e09,c1,p32,l3,8
i25,e10,c5,p10,l4,5
i03,e09,c5,p23,l3,1
i17,e09,c5,p07,l3,6
i06,e05,c5,p11,l1,4760
i39,e04,c5,p06,l3,3
i38,e12,c4,p32,l3,3
i38,e11,c4,p13,l2,4761
i41,e09,c1,p07,l3,1
i06,e07,c5,p05,l2,4760
i05,e09,c1,p29,l3,10
i14,e01,c5,p11,l3,1
i06,e07,c5,p19,l2,4763
i23,e09,c5,p21,l3,2
i43,e08,c1,p21,l3,2
i16,e09,c5,p20,l3,4760
i14,e09,c5,p02,l3,4761
i34,e01,c5,p15,l3,5
i38,e10,c7,p15,l4,3
i34,e09,c5,p23,l3,1
i06,e05,c3,p28,l1,4760
i29,e04,c5,p07,l3,1
i41,e07,c1,p03,l3,2
i38,e01,c1,p35,l3,1
i01,e04,c1,p13,l3,1
i33,e04,c1,p02,l3,4760
i42,e05,c5,p24,l3,1
i17,e01,c3,p14,l3,4760
i38,e10,c1,p20,l4,4966
i06,e10,c5,p11,l4,3007
i38,e10,c4,p13,l4,28
i38,e04,c1,p12,l1,4840
i38,e10,c7,p10,l4,70
i39,e04,c5,p03,l3,58
i38,e06,c1,p12,l3,903
i02,e08,c1,p04,l3,419
i06,e04,c5,p24,l1,4896
i02,e09,c1,p35,l3,90
i38,e08,c1,p16,l2,5095
i38,e01,c1,p32,l3,33
i06,e04,c5,p02,l1,9617
i06,e10,c5,p22,l1,4783
i41,e08,c1,p03,l3,8
i23,e04,c5,p10,l3,19
i38,e10,c1,unknown,l3,4
i42,e05,c3,p07,l3,59
i38,e12,c1,p12,l3,12
i13,e11,c5,p21,l3,10
i23,e09,c5,p19,l3,15
i05,e07,c1,p03,l3,3
i03,e04,c5,p06,l3,4
i17,e08,c5,p07,l3,51
i13,e11,c5,p28,l3,3
i41,e09,c1,p10,l3,17
i30,e04,c1,p10,l3,24
i27,e04,c5,p05,l3,5
i27,e04,c5,p19,l3,3
i32,e11,c5,p10,l3,4
i06,e11,c3,p19,l2,4767
i14,e05,c5,p19,l3,1
i14,e01,c5,p09,l3,13
i02,e04,c1,p28,l3,11
i13,e08,c5,p25,l3,2
i27,e09,c5,p10,l3,4
i05,e01,c1,p01,l3,11
i02,e08,c1,p24,l3,33
i06,e09,c5,p09,l2,4780
i03,e08,c5,p18,l3,1
i01,e04,c1,p21,l3,5
i17,e01,c5,p06,l3,14
i41,e08,c1,p15,l3,5
i41,e08,c1,p04,l3,5
i02,e01,c1,p24,l3,10
i38,e06,c1,p33,l3,1
i30,e04,c1,p12,l3,3
i41,e09,c1,p13,l3,1
i38,e10,c4,p03,l1,4761
i03,e10,c5,p23,l3,2
i14,e09,c5,p25,l3,1
i23,e09,c5,p03,l3,2
i05,e06,c1,p21,l3,3
i05,e03,c1,p29,l3,1
i38,e10,c4,p03,l2,4761
i05,e09,c1,p28,l3,1
i16,e09,c5,p26,l3,1
i43,e09,c1,p12,l3,1
i30,e01,c1,p12,l3,1
i23,e01,c5,p20,l3,4764
i14,e08,c5,p20,l3,4760
i23,e09,c5,p09,l3,1
i30,e09,c1,p08,l3,1
i23,e08,c5,p06,l3,1
i66,e04,c3,p04,l3,1
i42,e05,c5,p22,l3,1
i23,e01,c5,p17,l3,1
i05,e03,c1,p06,l3,1
i06,e08,c5,p10,l2,9635
i02,e08,c1,p21,l3,691
i06,e04,c5,p14,l1,9646
i34,e08,c5,p01,l3,29
i06,e10,c5,p35,l3,22404
i06,e10,c5,p24,l4,2307
i48,e11,c4,p06,l3,1
i16,e04,c5,p17,l3,4
i47,e09,c1,p35,l3,209
i39,e04,c5,p07,l3,35
i13,e04,c5,p19,l3,2
i38,e10,c1,p05,l2,4831
i06,e01,c5,p15,l3,110
i34,e08,c5,p29,l3,28
i12,e04,c5,p10,l3,12
i38,e09,c1,p10,l2,5209
i06,e10,c5,p31,l3,2247
i38,e11,c1,p04,l2,4842
i22,e05,c5,p10,l3,3
i02,e01,c1,p35,l3,103
i16,e08,c5,p10,l3,10
i02,e08,c1,p20,l3,4768
i38,e09,c1,p25,l2,4766
i23,e01,c5,p28,l3,5
i39,e09,c5,p23,l3,4
i05,e09,c1,p01,l3,6
i02,e04,c1,p23,l3,40
i05,e12,c1,p03,l3,9
i38,e01,c1,p02,l3,4767
i38,e08,c4,p09,l2,4772
i46,e09,c4,p04,l3,1
i21,e01,c1,p10,l3,8
i67,e04,c5,p04,l3,1
i16,e09,c5,p24,l3,7
i38,e10,c1,p02,l1,9523
i13,e12,c5,p35,l3,4
i06,e10,c3,p18,l4,4
i03,e01,c5,p17,l3,2
i34,e04,c5,p02,l3,4762
i46,e09,c1,p10,l3,4
i23,e08,c5,p07,l3,4
i06,e07,c5,p15,l2,4765
i17,e01,c5,p20,l3,4760
i02,e08,c4,p18,l3,3
i46,e08,c1,p02,l3,4760
i12,e09,c5,p16,l3,1
i16,e01,c5,p06,l3,2
i27,e04,c5,p17,l3,2
i41,e12,c1,p19,l3,1
i39,e01,c5,p20,l3,4760
i06,e05,c5,p12,l1,4760
i16,e04,c5,p28,l3,1
i38,e09,c4,p28,l2,4760
i23,e09,c5,p31,l3,1
i38,e11,c4,p02,l2,4760
i06,e08,c5,p01,l2,7493
i06,e08,c5,p12,l2,5889
i06,e08,c5,p32,l2,5609
i06,e08,c5,p28,l2,5151
i16,e08,c5,p17,l3,59
i17,e01,c5,p01,l3,37
i46,e08,c1,p35,l3,498
i06,e11,c5,p18,l2,5366
i39,e01,c5,p04,l3,40
i46,e08,c4,p35,l3,184
i06,e10,c5,p04,l4,1675
i42,e02,c5,p10,l3,4761
i06,e10,c3,p24,l3,212
i17,e04,c5,p32,l3,20
i17,e11,c5,p01,l3,289
i06,e10,c3,p01,l3,280
i17,e09,c5,p05,l3,14
i38,e10,c4,p01,l4,46
i38,e01,c1,p28,l3,2
i17,e11,c5,p15,l3,29
i38,e10,c1,p18,l1,4778
i06,e10,c3,p12,l3,12
i39,e09,c5,p21,l3,55
i30,e04,c1,p04,l3,5
i13,e08,c5,p13,l3,5
i02,e04,c1,p09,l3,62
i41,e07,c1,p18,l3,15
i43,e09,c1,p23,l3,2
i39,e01,c5,p26,l3,3
i23,e09,c5,p15,l3,5
i14,e12,c5,p15,l3,1
i36,e04,c5,p35,l3,4
i17,e09,c5,p35,l3,12
i17,e01,c5,p02,l3,4768
i25,e08,c5,p12,l3,2
i17,e01,c5,p25,l3,1
i42,e05,c5,p11,l3,4
i43,e03,c4,p09,l3,1
i05,e12,c1,p05,l3,5
i07,e09,c5,p13,l3,1
i42,e05,c3,p10,l3,2
i34,e04,c5,p09,l3,13
i41,e12,c1,p05,l3,2
i38,e08,c4,p13,l2,4760
i14,e08,c5,p06,l3,3
i02,e04,c1,p32,l3,12
i06,e07,c5,p17,l2,4760
i42,e05,c5,p05,l3,6
i27,e09,c5,p11,l3,3
i06,e04,c3,p35,l1,4773
i06,e09,c3,p35,l2,4761
i07,e08,c5,p17,l3,6
i06,e07,c5,p10,l2,4764
i38,e08,c4,p19,l2,4761
i23,e09,c5,p20,l3,4764
i14,e09,c5,p21,l3,2
i39,e09,c5,p26,l3,1
i46,e01,c1,p29,l3,3
i70,e04,c1,p35,l3,3
i38,e08,c1,p20,l2,9522
i66,e09,c3,p13,l3,1
i06,e05,c5,p29,l1,4760
i21,e01,c1,p04,l3,1
i34,e01,c5,p28,l3,1
i38,e05,c1,p02,l1,9519
i46,e09,c4,p03,l3,1
i06,e07,c5,p28,l2,4760
i66,e01,c3,p25,l3,1
i74,e04,c5,p17,l3,1
i17,e09,c5,p28,l3,2
i41,e07,c1,p32,l3,1
i25,e03,c5,p18,l3,1
i38,e07,c1,p32,l2,4760
i05,e04,c1,p19,l3,1
i29,e09,c5,p17,l3,1
i38,e11,c4,p31,l2,4760
i06,e10,c5,p17,l3,29882
i06,e10,c5,p02,l3,18934
i38,e06,c1,p17,l3,778
i38,e10,c4,p16,l3,76
i38,e10,c7,p10,l2,4781
i02,e01,c1,p16,l3,32
i06,e04,c5,p01,l1,5075
i39,e04,c5,p35,l3,427
i39,e01,c5,p13,l3,19
i06,e10,c5,p06,l2,4790
i34,e03,c5,p03,l3,41
i06,e12,c5,p15,l3,1301
i06,e10,c5,p23,l2,4796
i38,e10,c4,p07,l4,93
i38,e06,c4,p07,l3,35
i47,e04,c1,p35,l3,210
i06,e08,c5,p13,l2,5566
i39,e09,c5,p03,l3,34
i38,e06,c1,p26,l3,32
i17,e11,c5,p06,l3,83
i02,e04,c1,p01,l3,252
i02,e04,c1,p22,l3,19
i06,e08,c5,p09,l2,6549
i01,e04,c1,p11,l3,7
i41,e11,c1,p20,l3,4769
i42,e05,c3,p22,l3,18
i24,e08,c1,p19,l3,38
i02,e01,c1,p21,l3,155
i38,e07,c1,p10,l2,4769
i34,e03,c5,p01,l3,86
i06,e01,c5,p07,l3,65
i02,e08,c1,p18,l3,320
i38,e09,c1,p09,l2,4778
i41,e07,c1,p21,l3,10
i06,e10,c3,p10,l4,21
i17,e04,c5,p28,l3,14
i38,e10,c4,p16,l4,16
i46,e08,c1,p19,l3,20
i27,e01,c5,p24,l3,6
i23,e04,c5,p12,l3,4
i14,e04,c5,p10,l3,3
i12,e08,c5,p01,l3,13
i12,e08,c5,p21,l3,4
i13,e08,c5,p09,l3,4
i05,e09,c1,p21,l3,4
i38,e10,c1,p20,l2,9525
i41,e01,c1,p15,l3,5
i27,e09,c5,p06,l3,1
i46,e04,c1,p33,l3,6
i88,e01,c1,p35,l3,1
i17,e09,c5,p32,l3,8
i06,e09,c5,p06,l2,4784
i66,e09,c3,p10,l3,1
i17,e01,c5,p32,l3,8
i47,e01,c4,p35,l3,3
i38,e10,c7,p15,l2,4763
i38,e09,c1,p04,l2,4765
i42,e05,c5,p03,l3,2
i23,e04,c5,p04,l3,1
i44,e01,c3,p24,l3,3
i05,e09,c1,p13,l3,1
i48,e08,c1,p24,l3,4
i38,e10,c7,p32,l4,5
i16,e05,c3,p16,l3,2
i05,e04,c1,p28,l3,1
i23,e04,c5,p09,l3,1
i05,e08,c1,p21,l3,8
i29,e01,c5,p01,l3,1
i41,e07,c1,p07,l3,2
i46,e08,c4,p29,l3,1
i17,e05,c5,p35,l3,1
i06,e04,c3,p14,l1,9519
i42,e02,c5,p16,l3,4760
i23,e04,c5,p32,l3,1
i41,e11,c1,p23,l3,1
i23,e08,c5,p19,l3,3
i46,e01,c1,p07,l3,1
i06,e10,c3,p02,l1,9519
i06,e10,c3,p21,l1,4760
i16,e11,c5,p03,l3,1
i38,e10,c1,p01,l3,14930
i38,e10,c1,p07,l4,1692
i38,e10,c1,p18,l3,6615
i38,e10,c4,p07,l3,842
i38,e10,c1,p18,l2,4816
i06,e10,c5,p21,l2,4836
i63,e10,c1,p10,l3,269
i38,e08,c1,p03,l2,5044
i63,e11,c1,p10,l3,49
i06,e09,c5,p19,l2,4978
i06,e10,c5,p08,l2,4795
i06,e08,c5,p18,l2,6328
i06,e12,c5,p12,l3,725
i06,e11,c5,p08,l2,4949
i38,e11,c1,p26,l2,4762
i38,e09,c1,p32,l2,4786
i06,e10,c5,p03,l1,4801
i06,e12,c5,p17,l3,435
i02,e09,c1,p10,l3,234
i46,e11,c4,p29,l3,61
i41,e11,c1,p35,l3,30
i06,e09,c5,p11,l2,4796
i41,e11,c1,p29,l3,5
i16,e08,c5,p01,l3,14
i38,e06,c4,p28,l3,29
i72,e09,c1,p35,l3,7
i38,e04,c4,p10,l1,4798
i38,e12,c1,p11,l3,51
i06,e10,c3,p24,l4,26
i05,e06,c1,p11,l3,3
i23,e03,c5,p10,l3,10
i07,e11,c5,p35,l3,24
i09,e04,c5,p35,l3,6
i38,e10,c4,p19,l4,14
i34,e09,c5,p11,l3,6
i06,e10,c5,p30,l1,4760
i39,e01,c5,p17,l3,7
i06,e05,c5,p07,l1,4764
i34,e01,c5,p11,l3,8
i05,e08,c1,p01,l3,6
i39,e04,c5,p25,l3,4
i16,e08,c5,p02,l3,4769
i06,e07,c5,p21,l2,4761
i05,e01,c1,p32,l3,6
i32,e09,c5,p35,l3,1
i17,e01,c5,p11,l3,7
i02,e04,c4,p07,l3,1
i05,e07,c1,p14,l3,4761
i16,e09,c5,p10,l3,6
i34,e01,c5,p13,l3,1
i16,e01,c5,p29,l3,3
i41,e04,c1,p17,l3,1
i46,e04,c1,p01,l3,2
i06,e02,c5,p17,l1,9519
i22,e05,c5,p11,l3,1
i66,e01,c3,p10,l3,1
i17,e09,c5,p23,l3,2
i30,e01,c1,p01,l3,1
i13,e03,c5,p17,l3,1
i52,e01,c3,p35,l3,1
i17,e09,c5,p11,l3,3
i05,e06,c1,p14,l3,4760
i06,e10,c5,p20,l3,9280
i01,e08,c1,p35,l3,565
i38,e10,c1,p06,l4,696
i47,e01,c1,p35,l3,229
i34,e04,c5,p19,l3,36
i06,e04,c5,p31,l1,4770
i38,e09,c1,p07,l2,4804
i38,e10,c1,p23,l4,618
i38,e10,c1,p10,l1,4882
i06,e12,c5,p28,l3,131
i06,e10,c5,p08,l3,10012
i01,e08,c1,p19,l3,53
i38,e09,c1,p13,l2,5040
i38,e01,c1,p10,l3,496
i46,e09,c1,p16,l3,2
i38,e12,c1,p01,l3,5
i42,e05,c3,p02,l3,4784
i06,e10,c5,p11,l1,4830
i06,e10,c5,p28,l1,4777
i38,e01,c4,p14,l3,4772
i38,e11,c1,p28,l2,4788
i38,e06,c4,p24,l3,39
i03,e09,c5,p04,l3,1
i01,e08,c1,p29,l3,27
i34,e09,c5,p01,l3,10
i38,e04,c1,p21,l1,4775
i06,e10,c5,p25,l1,4772
i39,e04,c5,p01,l3,64
i01,e09,c1,p35,l3,24
i02,e09,c1,p29,l3,59
i02,e04,c1,p04,l3,65
i02,e08,c1,p32,l3,14
i06,e05,c3,p24,l1,4760
i41,e09,c1,p11,l3,9
i43,e08,c1,p03,l3,11
i34,e04,c5,p06,l3,31
i38,e10,c4,p25,l4,14
i38,e09,c1,p03,l2,4836
i38,e10,c1,p33,l4,16
i34,e08,c5,p07,l3,10
i38,e10,c4,p25,l1,4761
i03,e10,c5,p18,l3,2
i30,e09,c1,p21,l3,17
i24,e09,c1,p05,l3,3
i12,e04,c5,p13,l3,4
i17,e01,c5,p17,l3,6
i06,e07,c5,p35,l2,4763
i05,e04,c1,p01,l3,5
i16,e04,c5,p22,l3,6
i39,e04,c5,p08,l3,16
i17,e11,c5,p18,l3,1
i38,e10,c1,p09,l1,4770
i42,e05,c5,p28,l3,2
i17,e11,c5,p28,l3,6
i61,e04,c1,p35,l3,3
i05,e12,c1,p18,l3,3
i06,e12,c3,p19,l3,2
i05,e06,c1,p23,l3,3
i05,e12,c1,p13,l3,11
i38,e10,c1,p07,l1,4771
i03,e04,c5,p18,l3,6
i16,e08,c5,p29,l3,7
i13,e11,c5,p13,l3,4
i05,e06,c1,p01,l3,4
i38,e06,c4,p16,l3,1
i06,e10,c5,p20,l1,9528
i02,e06,c1,p01,l3,1
i41,e07,c1,p24,l3,1
i38,e12,c4,p02,l3,4761
i66,e04,c3,p24,l3,4
i05,e09,c1,p11,l3,4
i16,e04,c5,p20,l3,4760
i27,e04,c5,p18,l3,1
i05,e01,c1,p12,l3,2
i06,e11,c3,p01,l2,4760
i46,e09,c1,p11,l3,1
i03,e01,c5,p18,l3,2
i67,e04,c5,p19,l3,1
i06,e10,c5,p22,l3,11401
i06,e08,c5,p07,l2,6418
i06,e10,c5,p09,l4,1320
i06,e10,c5,p06,l3,21971
i38,e10,c1,p15,l3,11687
i06,e10,c5,p03,l3,29981
i02,e04,c1,p12,l3,198
i05,e08,c1,p15,l3,2
i29,e04,c5,p35,l3,7
i38,e08,c1,p08,l2,4864
i06,e04,c5,p10,l1,5209
i17,e09,c5,p02,l3,4763
i02,e04,c1,p14,l3,4815
i06,e10,c5,p15,l1,4866
i06,e10,c5,p10,l1,4932
i02,e09,c1,p03,l3,78
i38,e10,c1,p25,l4,322
i34,e03,c5,p05,l3,48
i38,e01,c1,p24,l3,32
i41,e01,c1,p24,l3,6
i38,e10,c1,p21,l2,4825
i38,e06,c1,p25,l3,166
i30,e01,c1,p17,l3,6
i06,e10,c3,p01,l4,25
i38,e10,c4,p23,l4,15
i38,e10,c4,p35,l2,4767
i19,e10,c5,p35,l3,126
i61,e08,c1,p35,l3,6
i34,e04,c5,p11,l3,8
i41,e11,c1,p19,l3,28
i41,e08,c1,p18,l3,28
i06,e05,c5,p15,l1,4760
i46,e06,c1,p35,l3,4
i06,e10,c3,p32,l3,16
i27,e10,c5,p05,l3,7
i38,e06,c1,p31,l3,41
i01,e08,c1,p32,l3,21
i39,e01,c5,p24,l3,13
i66,e04,c3,p13,l3,3
i02,e04,c1,p18,l3,17
i41,e04,c1,p12,l3,7
i38,e08,c4,p04,l2,4761
i14,e02,c5,p01,l3,4760
i16,e08,c5,p21,l3,20
i02,e09,c1,p24,l3,19
i01,e01,c1,p21,l3,1
i05,e03,c1,p16,l3,4
i38,e10,c4,p21,l4,17
i34,e09,c5,p04,l3,5
i21,e03,c1,p23,l3,2
i17,e11,c5,p02,l3,4768
i17,e09,c5,p09,l3,1
i06,e10,c3,p09,l3,4
i02,e04,c4,p15,l3,8
i43,e01,c1,p12,l3,4
i07,e09,c5,p19,l3,1
i06,e08,c3,p09,l2,4761
i38,e11,c1,unknown,l2,4760
i38,e01,c4,p21,l3,6
i05,e08,c1,p14,l3,4762
i06,e10,c5,p33,l1,4761
i21,e03,c1,p04,l3,4
i48,e11,c1,p05,l3,1
i13,e08,c5,p29,l3,1
i30,e09,c1,p11,l3,5
i46,e01,c1,p12,l3,1
i38,e11,c7,p10,l2,4764
i16,e08,c5,p22,l3,1
i41,e09,c1,p18,l3,2
i34,e03,c3,p08,l3,1
i38,e08,c4,p28,l2,4760
i05,e04,c1,p06,l3,3
i38,e05,c1,p21,l1,4760
i03,e08,c5,p15,l3,1
i42,e05,c5,p02,l3,4760
i06,e10,c5,p29,l3,18994
i06,e01,c5,p24,l3,92
i06,e12,c5,p16,l3,712
i38,e10,c1,p10,l2,7543
i06,e10,c5,p12,l4,2415
i06,e11,c5,p22,l2,5075
i38,e10,c1,p01,l4,3299
i38,e10,c1,p21,l4,1665
i12,e04,c5,p19,l3,17
i02,e09,c1,p14,l3,4824
i34,e03,c5,p11,l3,78
i19,e11,c5,p10,l3,162
i39,e04,c5,p17,l3,25
i34,e01,c5,p12,l3,3
i17,e08,c5,p25,l3,9
i03,e08,c5,p22,l3,2
i17,e04,c5,p04,l3,67
i05,e12,c1,p19,l3,32
i06,e09,c5,p20,l2,9535
i17,e01,c5,p07,l3,23
i17,e01,c5,p03,l3,8
i38,e10,c4,p04,l4,36
i38,e10,c4,p05,l3,30
i06,e09,c5,p14,l2,9552
i39,e09,c5,p09,l3,5
i34,e01,c5,p04,l3,8
i34,e04,c5,p01,l3,19
i06,e10,c5,p24,l1,4799
i06,e10,c3,p20,l3,4843
i06,e10,c3,p35,l4,14
i63,e11,c1,p35,l3,9
i38,e06,c1,unknown,l3,18
i43,e09,c1,p01,l3,17
i38,e01,c1,p05,l3,45
i06,e09,c3,p11,l2,4761
i49,e06,c1,p33,l3,1
i34,e09,c5,p19,l3,20
i38,e08,c1,p33,l2,4780
i06,e10,c5,p33,l4,6
i43,e01,c1,p10,l3,21
i14,e08,c5,p04,l3,4
i02,e08,c4,p35,l3,2
i03,e08,c5,p01,l3,1
i22,e02,c5,p35,l3,4762
i30,e01,c1,p16,l3,1
i01,e08,c1,p14,l3,4763
i41,e04,c1,p14,l3,4762
i41,e04,c1,p19,l3,22
i43,e09,c1,p15,l3,2
i34,e01,c5,p01,l3,2
i27,e01,c5,p03,l3,1
i01,e08,c1,p11,l3,7
i38,e10,c1,p29,l2,4767
i02,e09,c1,p28,l3,7
i03,e08,c5,p21,l3,7
i03,e09,c5,p16,l3,1
i41,e09,c1,p02,l3,4762
i06,e10,c3,p03,l1,4761
i14,e01,c5,p12,l3,3
i05,e01,c1,p28,l3,4
i30,e01,c1,p14,l3,4760
i14,e11,c5,p16,l3,1
i34,e03,c5,p25,l3,1
i44,e09,c3,p24,l3,1
i41,e09,c1,p08,l3,1
i02,e01,c1,p19,l3,526
i06,e10,c5,p15,l3,56760
i06,e10,c5,p35,l4,2256
i06,e11,c5,p10,l2,8920
i38,e06,c1,p05,l3,636
i38,e10,c1,p17,l3,10525
i06,e12,c5,p18,l3,365
i06,e10,c3,p15,l4,45
i06,e08,c3,p19,l2,4781
i38,e10,c1,p19,l2,4917
i38,e10,c1,p24,l4,1166
i39,e04,c5,p16,l3,16
i46,e11,c1,p14,l3,4789
i17,e01,c5,p13,l3,21
i38,e08,c4,p11,l2,4762
i06,e01,c5,p17,l3,65
i02,e01,c1,p25,l3,12
i17,e11,c5,p16,l3,66
i38,e01,c1,p08,l3,37
i39,e04,c5,p19,l3,76
i41,e07,c1,p19,l3,10
i39,e01,c5,p14,l3,4767
i38,e06,c4,p12,l3,28
i39,e04,c5,p09,l3,11
i41,e08,c1,p22,l3,20
i09,e05,c5,p22,l3,9
i06,e04,c5,p23,l1,4802
i41,e09,c1,p12,l3,4
i38,e04,c1,p09,l1,4780
i38,e10,c4,p20,l3,4784
i23,e09,c5,p07,l3,4
i30,e01,c1,p21,l3,14
i14,e08,c5,p21,l3,61
i34,e01,c5,p29,l3,10
i23,e09,c5,p17,l3,3
i43,e01,c1,p04,l3,5
i38,e07,c1,p19,l2,4765
i41,e01,c1,p07,l3,4
i06,e10,c3,p32,l4,5
i46,e01,c1,p33,l3,9
i39,e09,c5,p28,l3,9
i38,e04,c4,p13,l1,4772
i23,e01,c5,p09,l3,5
i39,e04,c5,p23,l3,8
i02,e01,c1,p20,l3,4773
i06,e01,c3,p32,l3,2
i38,e10,c1,p20,l1,9520
i13,e12,c5,p10,l3,2
i06,e07,c5,p16,l2,4764
i06,e05,c5,p03,l1,4760
i27,e04,c5,p12,l3,1
i132,e09,c1,p35,l3,1
i13,e08,c5,p12,l3,2
i34,e04,c5,p28,l3,2
i16,e05,c5,p07,l3,1
i34,e03,c5,p10,l3,283
i06,e04,c5,p04,l1,5068
i01,e08,c1,p10,l3,286
i06,e04,c5,p13,l1,4843
i02,e08,c1,p19,l3,1598
i38,e06,c1,p19,l3,2684
i38,e06,c1,p11,l3,1365
i06,e08,c5,p06,l2,5510
i34,e03,c5,p24,l3,35
i06,e10,c5,p23,l3,11658
i06,e09,c5,p05,l2,4861
i01,e11,c1,p35,l3,13
i28,e04,c1,p35,l3,9
i38,e10,c1,p34,l3,4
i38,e09,c1,p12,l2,4805
i17,e08,c5,p24,l3,26
i38,e10,c1,p31,l4,56
i06,e10,c5,p31,l4,253
i38,e10,c4,p10,l3,253
i38,e11,c4,p10,l2,4782
i38,e01,c1,p07,l3,49
i06,e10,c5,p05,l1,4824
i14,e08,c5,p25,l3,18
i38,e10,c1,p08,l2,4772
i38,e08,c1,p09,l2,4879
i03,e08,c5,p10,l3,5
i16,e08,c5,p07,l3,13
i01,e09,c1,p11,l3,6
i39,e01,c5,p29,l3,22
i41,e08,c1,p14,l3,4761
i39,e09,c5,p13,l3,37
i17,e09,c5,p15,l3,11
i03,e08,c5,p11,l3,15
i12,e01,c5,p04,l3,7
i01,e04,c1,p03,l3,4
i06,e10,c5,p06,l1,4802
i16,e01,c5,p05,l3,4
i38,e06,c4,p23,l3,11
i12,e04,c5,p14,l3,4761
i05,e09,c1,p05,l3,3
i35,e09,c2,p35,l3,6
i14,e08,c3,p35,l3,2
i41,e11,c1,p03,l3,2
i05,e03,c1,p12,l3,4
i46,e05,c1,p18,l3,1
i06,e05,c5,p10,l1,4763
i03,e10,c5,p15,l3,7
i06,e04,c3,p11,l1,4760
i23,e03,c5,p07,l3,4
i41,e01,c1,p22,l3,5
i38,e09,c4,p03,l2,4760
i13,e08,c5,p16,l3,3
i81,e09,c5,p35,l3,1
i34,e04,c5,p07,l3,8
i23,e04,c5,p23,l3,1
i39,e09,c5,p30,l3,2
i41,e08,c1,p13,l3,1
i27,e01,c5,p20,l3,4760
i09,e09,c5,p35,l3,3
i06,e10,c3,p23,l4,2
i43,e01,c1,p13,l3,1
i46,e09,c1,p12,l3,2
i38,e11,c4,p19,l2,4760
i38,e05,c1,p12,l1,4760
i13,e03,c5,p16,l3,1
i06,e04,c3,p01,l1,4760
i16,e01,c5,p15,l3,1
i01,e09,c1,p03,l3,2
i03,e04,c5,p24,l3,1
i14,e08,c3,p04,l3,1
i38,e10,c1,p28,l4,410
i06,e10,c5,p13,l3,25395
i06,e10,c3,p11,l3,652
i39,e01,c5,p35,l3,225
i06,e11,c5,p12,l2,5500
i06,e11,c3,p13,l2,4783
i06,e10,c5,p25,l4,853
i06,e08,c5,p16,l2,6955
i06,e11,c5,p11,l2,5508
i21,e09,c1,p10,l3,9
i38,e10,c1,p19,l1,4829
i17,e04,c5,p19,l3,147
i38,e10,c4,p14,l3,4877
i38,e10,c1,p17,l1,4782
i06,e09,c5,p10,l2,5032
i05,e04,c1,p10,l3,17
i38,e08,c1,p13,l2,5182
i38,e08,c1,p17,l2,4884
i06,e12,c5,p23,l3,133
i17,e04,c5,p29,l3,68
i41,e01,c1,p35,l3,29
i38,e12,c1,p25,l3,166
i46,e04,c4,p35,l3,3
i06,e09,c5,p24,l2,4840
i06,e05,c5,p02,l1,9519
i43,e09,c1,p17,l3,5
i38,e10,c4,p10,l2,4772
i38,e06,c1,unknown,l3,29
i06,e10,c5,p04,l1,4801
i02,e04,c1,p25,l3,29
i38,e10,c1,p34,l3,7
i06,e10,c5,p31,l1,4762
i17,e04,c5,p12,l3,69
i34,e08,c5,p03,l3,19
i66,e01,c3,p13,l3,2
i48,e11,c1,p11,l3,2
i12,e08,c5,p14,l3,4779
i42,e05,c5,p07,l3,2
i03,e10,c5,p04,l3,2
i14,e11,c3,p08,l3,1
i41,e09,c1,p23,l3,2
i38,e11,c1,p31,l2,4761
i38,e11,c7,p13,l2,4762
i46,e09,c1,p15,l3,10
i06,e10,c3,p16,l3,11
i41,e04,c1,p25,l3,7
i41,e09,c1,p31,l3,4
i27,e04,c5,p13,l3,3
i43,e01,c1,p35,l3,4
i27,e09,c5,p19,l3,2
i14,e08,c3,p15,l3,1
i01,e09,c1,p21,l3,5
i02,e08,c4,p28,l3,4
i38,e11,c4,p07,l2,4765
i21,e12,c1,p19,l3,2
i19,e05,c5,p10,l3,2
i134,e08,c1,p10,l3,1
i16,e08,c5,p15,l3,2
i06,e05,c5,p26,l1,4760
i03,e04,c5,p28,l3,1
i27,e04,c5,p22,l3,1
i46,e01,c1,p03,l3,2
i46,e05,c1,p35,l3,1
i01,e09,c1,p14,l3,4760
i38,e06,c4,p18,l3,1
i27,e01,c5,p10,l3,1
i06,e10,c5,p01,l3,38164
i38,e10,c1,p08,l4,435
i06,e10,c5,p26,l3,2040
i06,e10,c5,p06,l4,1836
i06,e10,c5,p16,l1,4828
i38,e10,c4,p12,l2,4762
i07,e08,c5,p35,l3,50
i21,e04,c1,p10,l3,8
i02,e08,c1,p03,l3,598
i06,e12,c5,p21,l3,704
i02,e08,c1,p11,l3,764
i06,e04,c5,p18,l1,4823
i38,e04,c1,p15,l1,4807
i34,e03,c5,p35,l3,124
i23,e03,c5,p04,l3,4
i06,e10,c5,p35,l2,4842
i17,e11,c5,p25,l3,10
i01,e01,c1,p18,l3,5
i30,e01,c1,p10,l3,20
i06,e04,c5,p03,l1,4879
i34,e04,c5,p21,l3,10
i06,e10,c5,p18,l2,4791
i46,e04,c1,p35,l3,243
i06,e10,c3,p35,l3,119
i06,e07,c5,p07,l2,4762
i38,e11,c1,p33,l2,4761
i38,e01,c7,p13,l3,4
i38,e10,c4,p02,l3,4803
i03,e10,c5,p13,l3,7
i23,e03,c5,p21,l3,37
i12,e08,c5,p17,l3,6
i38,e10,c1,p24,l2,4793
i38,e08,c1,p04,l2,4825
i41,e04,c1,p09,l3,9
i05,e04,c1,p07,l3,2
i41,e09,c1,p21,l3,12
i05,e03,c1,p04,l3,2
i06,e08,c3,p35,l2,4761
i27,e08,c5,p24,l3,6
i17,e01,c5,p09,l3,1
i14,e08,c5,p14,l3,4772
i06,e04,c3,p02,l1,9521
i32,e11,c5,p19,l3,8
i66,e04,c3,p16,l3,1
i41,e07,c1,p15,l3,3
i38,e11,c4,p20,l2,9520
i38,e10,c4,p07,l2,4760
i66,e04,c3,p11,l3,3
i05,e06,c1,p06,l3,3
i30,e09,c1,p26,l3,2
i33,e10,c1,p11,l3,1
i46,e01,c1,p16,l3,3
i25,e03,c5,p12,l3,1
i34,e04,c5,p16,l3,1
i34,e03,c3,p13,l3,2
i27,e09,c5,p04,l3,1
i38,e10,c4,p15,l3,702
i38,e10,c1,p05,l4,1287
i38,e06,c1,p09,l3,410
i38,e10,c1,p16,l1,4782
i17,e11,c5,p10,l3,781
i38,e08,c1,p25,l2,4818
i17,e09,c5,p20,l3,4764
i38,e08,c1,p24,l2,4902
i41,e01,c1,p19,l3,19
i38,e01,c1,p21,l3,63
i06,e04,c5,p15,l1,5040
i38,e08,c4,p21,l2,5427
i26,e11,c1,p35,l3,21
i38,e06,c1,p23,l3,312
i39,e04,c5,p14,l3,4772
i06,e10,c5,p04,l2,4783
i41,e11,c1,p10,l3,14
i38,e10,c1,p14,l2,9560
i38,e10,c4,p11,l3,547
i02,e09,c1,p11,l3,124
i06,e01,c5,p06,l3,40
i06,e04,c5,p08,l1,4784
i02,e08,c1,p06,l3,73
i06,e10,c5,p17,l2,4779
i38,e06,c4,p31,l3,10
i38,e08,c1,p06,l2,5072
i49,e10,c1,p33,l3,28
i38,e06,c7,p32,l3,21
i38,e06,c4,p11,l3,29
i38,e06,c1,p34,l3,2
i27,e04,c5,p24,l3,9
i38,e08,c4,p03,l2,4764
i34,e08,c5,p18,l3,17
i34,e08,c5,p08,l3,2
i01,e08,c1,p09,l3,7
i06,e02,c5,p10,l1,9519
i05,e06,c1,p17,l3,3
i34,e01,c5,p17,l3,8
i13,e11,c5,p35,l3,4
i30,e01,c1,p13,l3,5
i41,e04,c1,p21,l3,8
i34,e03,c5,p28,l3,14
i38,e08,c4,p02,l2,4762
i30,e09,c1,p01,l3,2
i17,e01,c5,p14,l3,4766
i43,e12,c1,p01,l3,1
i39,e04,c5,p28,l3,7
i31,e04,c1,p35,l3,2
i23,e09,c5,p32,l3,2
i07,e04,c5,p03,l3,2
i01,e08,c1,p12,l3,11
i46,e11,c4,p16,l3,1
i23,e08,c5,p01,l3,5
i06,e02,c5,p11,l1,9520
i21,e09,c1,p04,l3,1
i14,e04,c5,p18,l3,2
i41,e09,c1,p22,l3,1
i38,e09,c4,p13,l2,4761
i63,e10,c1,p10,l1,4760
i46,e08,c4,p07,l3,1
i01,e04,c1,p28,l3,1
i67,e10,c5,p05,l3,2
i23,e01,c5,p24,l3,1
i06,e10,c3,p24,l1,4761
i05,e01,c1,p20,l3,4760
i06,e09,c3,p21,l2,4760
i02,e09,c1,p17,l3,84
i38,e10,c1,p16,l4,1197
i06,e10,c5,p19,l2,5054
i38,e11,c1,p18,l2,4861
i02,e08,c1,p10,l3,2346
i06,e12,c5,p01,l3,438
i17,e09,c5,p10,l3,73
i38,e10,c1,p17,l2,4801
i02,e08,c1,p14,l3,5044
i38,e07,c1,p05,l2,4761
i06,e01,c5,p22,l3,61
i38,e06,c1,p06,l3,266
i38,e09,c4,p14,l2,9540
i05,e06,c1,p10,l3,9
i38,e08,c1,p18,l2,4796
i04,e05,c3,p10,l3,7
i38,e09,c1,p01,l2,4863
i06,e01,c5,p28,l3,74
i38,e04,c1,p08,l1,4806
i02,e08,c1,p01,l3,942
i43,e09,c1,p10,l3,13
i02,e01,c1,p02,l3,4788
i19,e10,c5,p35,l4,47
i12,e04,c5,p04,l3,3
i43,e08,c1,p10,l3,14
i01,e01,c1,p35,l3,31
i38,e04,c1,p07,l1,4785
i27,e09,c5,p24,l3,10
i06,e04,c5,p25,l1,4795
i06,e09,c5,p07,l2,4826
i05,e12,c1,p06,l3,10
i05,e12,c1,p10,l3,108
i34,e01,c5,p10,l3,29
i46,e08,c1,p05,l3,26
i06,e12,c5,p22,l3,143
i38,e08,c7,p32,l2,4764
i46,e04,c1,p19,l3,37
i06,e01,c5,p20,l3,4780
i41,e09,c1,p04,l3,5
i34,e04,c5,p32,l3,5
i14,e08,c5,p02,l3,4770
i17,e01,c5,p12,l3,6
i17,e04,c5,p09,l3,13
i30,e09,c1,p29,l3,7
i30,e01,c1,p18,l3,6
i06,e05,c5,p01,l1,4760
i34,e04,c5,p15,l3,10
i13,e11,c5,p03,l3,9
i41,e09,c1,p26,l3,1
i38,e10,c4,p31,l4,14
i05,e12,c1,p23,l3,5
i30,e04,c1,p06,l3,6
i06,e05,c5,p19,l1,4762
i02,e09,c1,p23,l3,28
i07,e04,c5,p15,l3,2
i14,e11,c5,p10,l3,1
i16,e08,c5,p04,l3,4
i07,e04,c5,p19,l3,2
unknown,e08,c5,p35,l3,6
i02,e11,c1,p07,l3,1
i05,e06,c1,p02,l3,4760
i41,e09,c1,p01,l3,5
i31,e09,c1,p35,l3,3
i12,e12,c5,p06,l3,1
i39,e09,c5,p25,l3,2
i09,e04,c5,p28,l3,1
i06,e09,c3,p01,l2,4760
i05,e12,c1,p20,l3,4760
i17,e08,c5,p28,l3,2
i06,e10,c3,p22,l4,1
i16,e09,c5,p07,l3,2
i17,e11,c5,p35,l3,2
i23,e01,c5,p19,l3,1
i03,e04,c5,p23,l3,1
i14,e04,c3,p04,l3,1
i23,e03,c5,p32,l3,1
i38,e10,c4,p15,l2,4761
i41,e01,c1,p31,l3,1
i34,e05,c5,p19,l3,1
i46,e04,c1,p10,l3,2
i34,e09,c5,p15,l3,2
i32,e05,c5,p35,l3,1
i06,e10,c3,p03,l2,4760
i05,e09,c1,p14,l3,4760
i06,e12,c5,p19,l3,2465
i15,e01,c2,p35,l3,1900
i06,e11,c5,p14,l2,9986
i38,e11,c1,p21,l2,4934
i38,e10,c1,p02,l3,8042
i06,e01,c5,p10,l3,270
i06,e12,c5,p03,l3,500
i06,e11,c5,p06,l2,5309
i48,e04,c1,p10,l3,3
i38,e11,c1,p19,l2,5313
i38,e08,c1,p07,l2,5030
i17,e04,c5,p05,l3,25
i17,e04,c5,p01,l3,106
i17,e08,c5,p01,l3,99
i38,e01,c1,p17,l3,71
i63,e08,c1,p10,l3,35
i43,e04,c1,p35,l3,22
i06,e04,c5,p32,l1,4806
i06,e09,c5,p28,l2,4790
i06,e09,c5,p15,l2,4886
i39,e04,c5,p15,l3,44
i48,e11,c1,p10,l3,11
i17,e08,c5,p18,l3,16
i38,e10,c1,p06,l2,4800
i38,e06,c4,p10,l3,131
i06,e10,c3,p14,l3,4818
i34,e03,c5,p06,l3,72
i02,e09,c1,p06,l3,5
i38,e06,c1,p02,l3,5106
i38,e10,c4,p35,l4,20
i06,e10,c5,p29,l1,4808
i06,e10,c5,p05,l2,4865
i06,e01,c5,p16,l3,89
i38,e10,c4,p21,l1,4760
i38,e10,c1,p13,l1,4795
i38,e06,c4,p13,l3,11
i31,e11,c1,p35,l3,41
i38,e04,c4,p21,l1,4775
i38,e10,c1,p29,l1,4769
i05,e03,c1,p10,l3,15
i02,e08,c4,p15,l3,10
i02,e09,c4,p15,l3,1
i38,e10,c4,p05,l4,10
i38,e10,c1,p23,l2,4767
i46,e01,c1,p01,l3,2
i16,e01,c5,p20,l3,4761
i07,e08,c5,p29,l3,1
i38,e10,c4,p01,l2,4779
i41,e01,c1,p23,l3,3
i89,e01,c1,p01,l3,1
i39,e01,c5,p22,l3,11
i05,e07,c1,p10,l3,19
i14,e12,c5,p16,l3,1
i12,e01,c5,p10,l3,4
i06,e08,c3,p14,l2,9520
i02,e04,c1,p02,l3,4768
i30,e01,c1,p05,l3,11
i39,e01,c5,p07,l3,10
i05,e01,c1,p03,l3,2
i16,e01,c5,p22,l3,5
i12,e08,c5,p07,l3,1
i14,e12,c5,p22,l3,1
i07,e12,c5,p10,l3,4
i05,e06,c1,p03,l3,1
i38,e11,c1,p30,l2,4762
i02,e01,c4,p15,l3,6
i64,e11,c3,p10,l3,1
i17,e09,c5,p26,l3,1
i41,e01,c1,p02,l3,4764
i38,e06,c4,p29,l3,2
unknown,e04,c5,p35,l3,4
i27,e08,c5,p18,l3,2
i17,e01,c5,p18,l3,2
i23,e03,c5,p19,l3,2
i06,e02,c5,p12,l1,9520
i46,e04,c1,p04,l3,1
i38,e09,c4,p11,l2,4760
i06,e10,c5,p18,l4,1970
i38,e10,c1,p06,l3,4158
i06,e11,c5,p04,l2,5202
i34,e04,c5,p10,l3,70
i38,e10,c1,p14,l3,10135
i06,e10,c5,p26,l2,4773
i02,e01,c1,p23,l3,42
i06,e10,c5,p01,l4,3814
i06,e12,c5,p09,l3,189
i06,e08,c5,p08,l2,5294
i05,e12,c1,p35,l3,75
i06,e12,c5,p08,l3,56
i06,e01,c5,p04,l3,87
i14,e04,c5,p15,l3,12
i38,e11,c1,p05,l2,4913
i34,e04,c5,p14,l3,4765
i43,e01,c1,p02,l3,4762
i06,e04,c5,p20,l1,9544
i02,e01,c1,p10,l3,250
i17,e09,c5,p13,l3,17
i06,e10,c5,p01,l2,4854
i38,e08,c1,p32,l2,4957
i63,e10,c1,p35,l2,4889
i06,e01,c5,p29,l3,46
i39,e09,c5,p35,l3,187
i06,e10,c3,p07,l3,128
i06,e10,c3,p02,l4,4778
i43,e09,c1,p09,l3,3
i38,e01,c4,p10,l3,26
i39,e09,c5,p01,l3,22
i02,e09,c1,p05,l3,50
i38,e10,c4,p14,l4,4790
i34,e08,c5,p14,l3,4773
i41,e07,c1,p05,l3,10
i21,e03,c1,p10,l3,8
i42,e05,c3,p11,l3,43
i17,e09,c5,p01,l3,17
i38,e10,c4,p11,l4,40
i43,e01,c1,p17,l3,9
i01,e01,c1,p03,l3,3
i19,e09,c5,p10,l3,4
i17,e09,c5,p04,l3,7
i06,e05,c5,p18,l1,4760
i23,e09,c5,p01,l3,8
i39,e09,c5,p18,l3,7
i46,e11,c1,p01,l3,1
i38,e10,c7,p15,l3,3
i02,e01,c1,p28,l3,13
i38,e11,c4,p03,l2,4766
i46,e11,c1,p24,l3,1
i05,e03,c1,p05,l3,1
i66,e04,c3,p35,l3,7
i42,e02,c5,p01,l3,4761
i34,e09,c5,p16,l3,2
i46,e08,c4,p17,l3,5
i38,e04,c1,p35,l1,4762
i44,e08,c3,p10,l3,5
i41,e01,c1,p25,l3,3
i39,e09,c5,p08,l3,3
i01,e01,c1,p01,l3,1
i38,e11,c4,p24,l2,4761
i07,e04,c5,p07,l3,1
i07,e07,c5,p35,l3,1
i33,e08,c1,p03,l3,2
i34,e01,c5,p14,l3,4760
i42,e05,c5,p21,l3,1
i43,e08,c1,p04,l3,1
i23,e03,c5,p12,l3,1
i14,e08,c3,p05,l3,1
i05,e07,c1,p11,l3,4
i65,e01,c3,p10,l3,1
i09,e09,c5,p22,l3,1
i03,e01,c5,p07,l3,1
i05,e08,c1,p13,l3,1
i06,e10,c5,p05,l3,41183
i38,e10,c1,p21,l3,9630
i06,e10,c5,p15,l4,4586
i06,e10,c5,p02,l4,6079
i06,e10,c5,p17,l4,2655
i06,e10,c5,p16,l4,3578
i06,e10,c5,p17,l1,4828
i06,e10,c5,p08,l4,840
i17,e11,c5,p21,l3,91
i06,e10,c5,p26,l4,175
i06,e11,c5,p03,l2,5715
i06,e11,c5,p01,l2,5518
i06,e11,c5,p13,l2,5327
i38,e06,c1,p07,l3,775
i38,e11,c4,p08,l2,4761
i38,e09,c1,p11,l2,4865
i06,e10,c3,p10,l3,78
i17,e09,c5,p17,l3,15
i30,e04,c1,p29,l3,9
i38,e06,c4,p14,l3,4762
i34,e03,c5,p31,l3,13
i06,e09,c5,p01,l2,4883
i38,e10,c1,p22,l1,4762
i38,e08,c1,p29,l2,4859
i38,e10,c1,p28,l1,4761
i12,e04,c5,p06,l3,3
i34,e01,c5,p19,l3,41
i13,e08,c5,p18,l3,15
i38,e09,c1,p14,l2,9535
i17,e08,c5,p13,l3,73
i38,e07,c1,p14,l2,9520
i41,e01,c1,p13,l3,6
i43,e09,c1,p03,l3,6
i38,e12,c1,p15,l3,21
i06,e11,c3,p21,l2,4774
i38,e10,c4,p21,l2,4769
i38,e04,c7,p10,l1,4760
i34,e09,c5,p32,l3,5
i03,e09,c5,p12,l3,4
i01,e08,c1,p07,l3,10
i01,e08,c1,p21,l3,35
i17,e08,c5,p14,l3,4775
i15,e09,c6,p35,l3,14307
i16,e04,c5,p11,l3,7
i17,e09,c5,p12,l3,2
i38,e01,c1,p12,l3,33
i30,e01,c1,p08,l3,2
i01,e01,c1,p19,l3,12
i38,e10,c1,p05,l1,4775
i34,e09,c5,p29,l3,9
i13,e03,c5,p11,l3,1
i34,e09,c5,p03,l3,8
i43,e04,c1,p03,l3,5
i14,e08,c5,p35,l3,31
i06,e01,c5,p31,l3,5
i03,e09,c5,p10,l3,1
i13,e08,c5,p11,l3,6
i63,e03,c1,p10,l3,14
i01,e09,c1,p19,l3,9
i43,e09,c1,p35,l3,10
i16,e04,c5,p15,l3,3
i05,e12,c1,p15,l3,4
i14,e04,c5,p09,l3,6
i29,e09,c5,p35,l3,6
i12,e04,c5,p02,l3,4763
i16,e04,c5,p32,l3,5
i38,e08,c4,p12,l2,4760
i46,e06,c1,p18,l3,1
i16,e01,c5,p10,l3,6
i25,e03,c5,p01,l3,1
i05,e03,c1,p08,l3,1
i46,e04,c1,unknown,l3,2
i43,e04,c1,p04,l3,6
i06,e02,c5,p03,l1,9520
i38,e12,c1,p16,l3,2
i16,e09,c5,p19,l3,5
i16,e09,c5,p15,l3,2
i23,e01,c5,p11,l3,2
i38,e12,c4,p04,l3,1
i16,e04,c5,p02,l3,4760
i46,e08,c1,p32,l3,3
i23,e11,c5,p07,l3,1
i48,e04,c1,p35,l3,1
i14,e04,c5,p16,l3,2
i14,e05,c5,p14,l3,4760
i21,e04,c1,p17,l3,1
i38,e07,c1,p15,l2,4761
i13,e12,c5,p19,l3,2
i12,e08,c5,p12,l3,1
i38,e10,c1,unknown,l3,1
i06,e10,c5,p23,l4,1333
i38,e10,c1,p14,l4,5693
i38,e11,c1,p22,l2,4804
i06,e10,c3,p17,l3,18
i38,e10,c4,p08,l4,15
i05,e05,c1,p21,l3,1
i06,e11,c5,p24,l2,5269
i38,e09,c1,p06,l2,4773
i38,e04,c7,p13,l1,4765
i02,e01,c1,p01,l3,278
i30,e01,c1,p04,l3,11
i13,e08,c5,p01,l3,11
i06,e10,c3,p06,l4,8
i38,e01,c1,p14,l3,4779
i41,e08,c1,p10,l3,15
i38,e08,c1,p15,l2,4848
i39,e09,c5,p19,l3,21
i06,e01,c5,p13,l3,47
i34,e09,c5,p07,l3,3
i38,e10,c4,p19,l1,4762
i88,e04,c1,p35,l3,1
i34,e04,c5,p24,l3,8
i34,e08,c5,p11,l3,25
i43,e01,c1,p03,l3,4
i38,e10,c4,p18,l3,63
i38,e10,c1,p24,l1,4770
i17,e11,c5,p31,l3,7
i06,e09,c5,p23,l2,4789
i34,e08,c5,p12,l3,5
i06,e12,c5,p02,l3,4927
i38,e09,c1,p23,l2,4772
i27,e10,c5,p12,l3,3
i46,e09,c1,p19,l3,17
i12,e04,c5,p15,l3,5
i16,e04,c5,p29,l3,6
i38,e10,c1,p02,l2,4795
i41,e08,c1,p12,l3,5
i03,e09,c5,p02,l3,4760
i38,e10,c4,p13,l2,4762
i39,e09,c5,p15,l3,15
i34,e01,c5,p03,l3,5
i14,e04,c5,p04,l3,7
i38,e10,c7,p32,l3,5
i30,e01,c1,p35,l3,1
i34,e04,c5,p13,l3,2
i01,e08,c1,p17,l3,3
i38,e10,c1,unknown,l4,2
i16,e01,c5,p24,l3,8
i12,e08,c5,p13,l3,7
i16,e04,c5,p05,l3,16
i38,e10,c1,unknown,l4,10
i06,e11,c5,p33,l2,4760
i38,e09,c1,p31,l2,4760
i16,e04,c5,p16,l3,3
i33,e03,c1,p02,l3,4762
i38,e07,c1,p23,l2,4760
i23,e01,c5,p13,l3,1
i42,e05,c5,p08,l3,1
i06,e05,c5,p16,l1,4761
i23,e01,c5,p25,l3,1
i01,e09,c1,p24,l3,2
i43,e09,c1,p07,l3,1
i38,e01,c1,p33,l3,1
i30,e01,c1,p15,l3,2
i43,e04,c1,p19,l3,1
i16,e09,c5,p11,l3,1
i23,e01,c5,p29,l3,1
i05,e08,c1,p28,l3,1
i42,e05,c5,p29,l3,2
i06,e10,c5,p25,l3,7476
i06,e10,c5,p20,l4,5286
i38,e10,c1,p09,l4,677
i06,e09,c5,p22,l2,4855
i06,e11,c5,p25,l2,5061
i06,e11,c5,p16,l2,5824
i05,e09,c1,p35,l3,21
i38,e04,c1,p10,l1,5408
i38,e11,c1,p06,l2,4824
i02,e08,c1,p13,l3,792
i02,e01,c1,p04,l3,104
i06,e12,c5,p05,l3,737
i01,e04,c1,p08,l3,2
i06,e01,c5,p35,l3,59
i38,e10,c1,p32,l1,4765
i41,e01,c1,p01,l3,8
i06,e12,c5,p32,l3,45
i17,e11,c5,p20,l3,4763
i34,e04,c5,p29,l3,16
i38,e10,c1,unknown,l3,3
i41,e04,c1,p11,l3,5
i63,e04,c1,p35,l3,3
i41,e11,c1,p07,l3,1
i01,e08,c1,p13,l3,52
i31,e08,c1,p21,l3,19
i38,e04,c1,p28,l1,4775
i39,e01,c5,p15,l3,18
i17,e08,c5,p19,l3,113
i38,e06,c1,unknown,l3,29
i41,e08,c1,p20,l3,4766
i30,e01,c1,p28,l3,3
i02,e04,c1,p08,l3,21
i05,e12,c1,p21,l3,31
i17,e08,c5,p35,l3,16
i16,e01,c5,p03,l3,8
i38,e10,c1,p01,l1,4780
i38,e01,c1,p15,l3,44
i34,e09,c5,p17,l3,9
i59,e08,c5,p12,l3,2
i14,e12,c5,p01,l3,3
i28,e09,c1,p35,l3,1
i66,e04,c3,p10,l3,4
i23,e01,c5,p32,l3,1
i05,e01,c1,p23,l3,2
i32,e01,c5,p35,l3,6
i06,e07,c5,p02,l2,4760
i16,e04,c5,p03,l3,8
i45,e04,c1,p07,l3,1
i23,e01,c5,p08,l3,2
i79,e07,c1,p10,l3,1
i03,e01,c5,p14,l3,4760
i22,e05,c5,p13,l3,2
i03,e09,c5,p19,l3,2
i21,e03,c1,p06,l3,2
i01,e05,c1,p16,l3,1
i05,e04,c1,p21,l3,2
i03,e10,c5,p16,l3,2
i25,e10,c5,p21,l4,3
i46,e09,c1,p24,l3,2
i33,e03,c1,p03,l3,1
i06,e10,c3,p11,l2,4761
i03,e04,c5,p07,l3,1
i38,e01,c4,p01,l3,1
i05,e11,c1,p23,l3,1
i06,e07,c5,p03,l2,4760
i130,e08,c5,p01,l3,2
i43,e01,c1,p09,l3,1
i06,e05,c5,p13,l1,4760
i38,e06,c4,p20,l3,4760
i13,e03,c5,p19,l3,1
i06,e10,c5,p19,l3,91481
i38,e10,c1,p04,l3,4572
i06,e10,c5,p10,l4,8986
i38,e10,c1,p12,l4,1945
i38,e10,c1,p35,l3,738
i06,e10,c5,p21,l1,4849
i06,e10,c5,p19,l4,7171
i38,e09,c1,p08,l2,4793
i63,e10,c1,p35,l4,34
i38,e10,c1,p13,l2,5202
i38,e01,c1,p18,l3,38
i14,e12,c5,p12,l3,600
i06,e11,c5,p02,l2,5228
i02,e01,c1,p05,l3,67
i02,e01,c1,p08,l3,21
i38,e10,c1,p04,l1,4767
i06,e11,c5,p35,l2,6211
i02,e08,c1,p35,l3,355
i41,e08,c1,p29,l3,17
i06,e04,c5,p07,l1,4886
i06,e05,c5,p35,l1,4770
i06,e09,c5,p04,l2,4852
i23,e04,c5,p03,l3,10
i17,e09,c5,p06,l3,14
i07,e08,c5,p10,l3,15
i02,e08,c1,p15,l3,422
i06,e10,c5,p20,l2,9547
i41,e04,c1,p18,l3,8
i17,e09,c5,p16,l3,12
i19,e11,c5,p35,l3,60
i06,e12,c5,p04,l3,201
i14,e09,c5,p19,l3,2
i38,e04,c1,p06,l1,4773
i02,e08,c1,p22,l3,103
i39,e04,c5,p24,l3,22
i16,e04,c5,p24,l3,7
i34,e08,c5,p19,l3,61
i46,e08,c4,p03,l3,3
i07,e09,c5,p35,l3,3
i34,e09,c5,p06,l3,15
i42,e05,c3,p19,l3,21
i05,e12,c1,p11,l3,33
i05,e08,c1,p12,l3,8
i30,e09,c1,p07,l3,1
i34,e08,c5,p32,l3,7
i15,e01,c6,p35,l3,14300
i06,e09,c5,p02,l2,4784
i23,e08,c5,p21,l3,10
i12,e04,c5,p05,l3,1
i23,e03,c5,p03,l3,3
i38,e10,c1,p32,l2,4770
i38,e10,c1,unknown,l4,9
i16,e09,c5,p21,l3,11
i06,e01,c3,p35,l3,5
i38,e09,c4,p21,l2,4769
i41,e08,c1,p21,l3,17
i34,e08,c5,p22,l3,3
i46,e09,c1,unknown,l3,9
i30,e09,c1,p04,l3,2
i41,e07,c1,p35,l3,7
i34,e04,c5,p22,l3,3
i16,e04,c5,p09,l3,4
i13,e08,c5,p35,l3,3
i06,e12,c3,p23,l3,3
i38,e12,c1,p09,l3,2
i39,e01,c5,p32,l3,6
i03,e04,c5,p15,l3,2
i12,e09,c5,p19,l3,5
i38,e10,c4,p02,l1,9519
unknown,e12,c1,p35,l3,6
i30,e04,c1,p24,l3,3
i25,e11,c5,p35,l3,3
i06,e08,c3,p02,l2,4760
i02,e05,c1,p35,l3,1
i38,e11,c1,unknown,l2,4760
i21,e04,c1,p16,l3,1
i07,e12,c5,p12,l3,1
i01,e01,c1,p32,l3,1
i35,e04,c2,p35,l3,1
i02,e11,c1,p09,l3,1
i05,e04,c1,p24,l3,1
i46,e01,c1,p25,l3,1
i06,e10,c3,p05,l4,3
i38,e11,c4,p25,l2,4760
i38,e11,c4,p16,l2,4760
i06,e01,c3,p19,l3,1
i02,e08,c1,p29,l3,117
i38,e10,c1,p13,l3,9924
i06,e08,c5,p02,l2,5676
i06,e12,c5,p29,l3,302
i06,e10,c5,p12,l3,29901
i38,e10,c4,p03,l3,220
i38,e06,c1,p22,l3,264
i46,e11,c1,p35,l3,4006
i06,e11,c5,p17,l2,5381
i19,e10,c3,p10,l4,8
i38,e10,c1,p30,l3,650
i06,e11,c5,p15,l2,5877
i02,e01,c1,p29,l3,102
i06,e11,c5,p20,l2,9658
i38,e06,c1,p14,l3,5219
i38,e04,c1,p18,l1,4819
i06,e04,c5,p29,l1,4962
i38,e08,c1,p11,l2,4902
i38,e12,c1,p10,l3,603
i38,e10,c1,p26,l3,348
i61,e11,c1,p35,l3,60
i38,e06,c1,p04,l3,282
i14,e08,c5,p10,l3,44
i34,e04,c5,p35,l3,19
i39,e04,c5,p18,l3,29
i17,e01,c5,p15,l3,49
i17,e08,c5,p10,l3,299
i38,e10,c1,p03,l2,4807
i19,e04,c5,p10,l3,18
i50,e01,c1,p35,l3,1
i17,e04,c5,p14,l3,4788
i12,e01,c5,p19,l3,5
i16,e04,c5,p19,l3,18
i06,e08,c5,p25,l2,5242
i06,e10,c5,p28,l2,4773
i38,e10,c4,p35,l3,11
i17,e04,c5,p24,l3,32
i01,e01,c1,p10,l3,18
i27,e04,c5,p02,l3,4760
i34,e03,c5,p16,l3,48
i14,e11,c5,p19,l3,3
i39,e09,c5,p11,l3,2
i12,e04,c5,p03,l3,2
i06,e01,c5,p23,l3,37
i42,e05,c3,p16,l3,25
i16,e08,c5,p12,l3,34
i14,e08,c5,p16,l3,11
i03,e04,c5,p21,l3,8
i34,e08,c5,p09,l3,5
i30,e04,c1,p18,l3,5
i34,e03,c5,p22,l3,23
i12,e04,c5,p17,l3,12
i22,e05,c5,p12,l3,1
i34,e04,c5,p08,l3,2
i41,e01,c1,p04,l3,11
i42,e05,c3,p05,l3,2
i02,e01,c1,p22,l3,18
i07,e12,c5,p21,l3,5
i34,e09,c5,p14,l3,4762
i30,e04,c1,p15,l3,2
i34,e01,c3,p07,l3,4
i38,e12,c1,p17,l3,4
i42,e05,c5,p16,l3,3
i67,e01,c5,p16,l3,2
i41,e01,c1,p05,l3,3
i46,e09,c4,p29,l3,1
i73,e04,c3,p35,l3,3
i46,e04,c4,p19,l3,1
i03,e09,c5,p13,l3,1
i19,e05,c5,p35,l3,1
i46,e08,c1,p09,l3,1
i41,e01,c1,p18,l3,1
i16,e08,c5,p08,l3,2
i38,e09,c4,p29,l2,4760
i38,e08,c1,unknown,l2,4760
i09,e01,c5,p16,l3,1
i16,e09,c5,p02,l3,4760
i23,e04,c5,p28,l3,1
i38,e08,c4,p15,l2,4760
i05,e07,c1,p21,l3,1
i06,e05,c5,p14,l1,9519
i06,e08,c5,p19,l2,11570
i06,e08,c5,p14,l2,10711
i01,e08,c1,p01,l3,27
i38,e10,c1,p07,l3,9611
i38,e11,c1,p16,l2,4872
i38,e10,c1,p13,l4,2760
i38,e11,c1,p03,l2,5040
i38,e06,c1,p21,l3,827
i38,e10,c1,p16,l2,4788
i06,e10,c3,p19,l3,288
i06,e10,c3,p03,l4,14
i14,e12,c5,p21,l3,237
i38,e10,c7,p10,l3,51
i02,e08,c1,p07,l3,84
i06,e10,c5,p12,l2,4798
i02,e01,c1,p07,l3,54
i05,e01,c1,p13,l3,4
i06,e04,c5,p12,l1,4860
i46,e08,c1,p10,l3,7
i06,e08,c5,p31,l2,4958
i38,e11,c4,p01,l2,4766
i17,e08,c5,p06,l3,19
i38,e04,c1,p29,l1,4794
i17,e08,c5,p32,l3,40
i38,e10,c4,p22,l4,17
i13,e11,c5,p24,l3,6
i38,e06,c4,p25,l3,10
i38,e12,c1,p04,l3,19
i06,e11,c3,p35,l2,4765
i30,e01,c1,p26,l3,13
i16,e01,c5,p01,l3,6
i27,e08,c5,p13,l3,10
i05,e12,c1,p32,l3,5
i34,e01,c5,p05,l3,6
i06,e10,c5,p31,l2,4773
i88,e09,c1,p35,l3,3
i25,e08,c5,p35,l3,3
i17,e01,c5,p16,l3,15
i34,e03,c3,p35,l3,1
i38,e01,c4,p13,l3,2
i14,e08,c5,p28,l3,7
i16,e08,c5,p09,l3,32
i12,e08,c5,p16,l3,5
i17,e01,c5,p08,l3,3
i01,e01,c1,p09,l3,1
i07,e01,c5,p35,l3,1
i38,e11,c4,p05,l2,4761
i06,e09,c5,p31,l2,4762
i06,e12,c3,p11,l3,2
i14,e11,c5,p29,l3,1
i63,e08,c1,p35,l3,3
i23,e09,c5,p28,l3,1
i39,e04,c5,p20,l3,4760
i41,e11,c1,p09,l3,1
i76,e01,c5,p35,l3,1
i16,e04,c5,p18,l3,1
i13,e03,c5,p03,l3,1
i05,e03,c1,p14,l3,4761
i05,e09,c1,p06,l3,1
i17,e01,c5,p19,l3,42
i17,e09,c5,p21,l3,13
i06,e08,c5,p20,l2,9903
i19,e10,c5,p10,l3,209
i38,e10,c1,p05,l3,8079
i06,e10,c3,p23,l3,114
i06,e10,c5,p03,l2,4826
i38,e01,c1,p19,l3,140
i34,e03,c5,p14,l3,4795
i46,e01,c1,p35,l3,179
i38,e11,c1,p08,l2,4806
i39,e01,c5,p03,l3,19
i17,e11,c5,p09,l3,51
i17,e11,c5,p05,l3,32
i38,e08,c1,p23,l2,4780
i01,e04,c1,p35,l3,36
i02,e08,c1,p02,l3,4826
i34,e08,c5,p04,l3,21
i34,e08,c5,p20,l3,4764
i38,e12,c1,p13,l3,8
i02,e09,c1,p07,l3,31
i61,e09,c1,p35,l3,5
i02,e09,c1,p20,l3,4769
i06,e01,c5,p12,l3,37
i34,e08,c5,p17,l3,24
i05,e01,c1,p16,l3,11
i05,e01,c1,p17,l3,4
i05,e01,c1,p29,l3,10
i17,e01,c5,p24,l3,12
i23,e09,c5,p35,l3,1
i34,e01,c5,p21,l3,6
i30,e04,c1,p13,l3,4
i43,e03,c1,p35,l3,1
i12,e04,c5,p23,l3,1
i14,e11,c5,p22,l3,1
i05,e01,c1,p19,l3,15
i14,e01,c5,p21,l3,2
i23,e04,c5,p21,l3,6
i38,e04,c4,p04,l1,4760
i05,e04,c1,p02,l3,4763
i67,e01,c5,p29,l3,2
i05,e06,c1,p29,l3,1
i07,e12,c5,p07,l3,3
i06,e04,c5,p30,l1,4771
i34,e03,c3,p07,l3,2
i12,e08,c5,p05,l3,1
i29,e01,c5,p35,l3,2
i01,e08,c1,p24,l3,4
i21,e01,c1,p19,l3,3
i16,e09,c5,p17,l3,2
i07,e08,c5,p15,l3,1
i17,e08,c5,p22,l3,16
i14,e08,c3,p01,l3,2
i07,e12,c5,p24,l3,2
i21,e12,c1,p06,l3,1
i41,e08,c1,p24,l3,4
i30,e04,c1,p14,l3,4761
i06,e10,c5,p32,l2,4760
i05,e09,c1,p15,l3,1
i15,e09,c2,p35,l3,2077
i38,e10,c4,p15,l4,88
i38,e10,c1,p23,l3,2752
i19,e10,c3,p10,l3,40
i02,e08,c1,p05,l3,657
i06,e04,c5,p09,l1,4873
i38,e10,c4,p06,l4,39
i38,e10,c1,p11,l1,4789
i06,e10,c5,p02,l1,9550
i01,e09,c1,p09,l3,3
i34,e03,c5,p18,l3,80
i38,e08,c4,p07,l2,4763
i38,e09,c1,p15,l2,4813
i13,e11,c5,p05,l3,19
i38,e10,c4,p06,l3,205
i07,e08,c5,p19,l3,4
i38,e08,c1,p14,l2,9587
i06,e10,c5,p29,l2,4803
i38,e01,c1,p09,l3,37
i41,e09,c1,p19,l3,11
i46,e09,c4,p35,l3,16
i41,e04,c1,p05,l3,3
i38,e10,c4,p23,l3,10
i38,e08,c4,p18,l2,4832
i63,e10,c1,p10,l4,26
i38,e10,c7,p13,l3,31
i01,e09,c1,p17,l3,1
i34,e04,c5,p04,l3,10
i39,e01,c5,p02,l3,4768
i38,e10,c1,p34,l4,15
i34,e03,c5,p04,l3,42
i13,e08,c5,p19,l3,24
i34,e08,c5,p13,l3,10
i46,e08,c1,p21,l3,2
i38,e10,c1,unknown,l4,5
i19,e01,c5,p35,l3,6
i12,e04,c5,p16,l3,8
i06,e08,c3,p28,l2,4762
i34,e08,c3,p07,l3,1
i30,e01,c1,p24,l3,1
i23,e09,c5,p12,l3,3
i05,e06,c1,p16,l3,1
i14,e11,c5,p04,l3,1
i38,e07,c1,p03,l2,4760
i14,e11,c5,p07,l3,3
i30,e04,c1,p05,l3,3
i17,e01,c5,p26,l3,2
i27,e04,c5,p09,l3,1
i27,e08,c5,p10,l3,1
i12,e04,c5,p07,l3,1
i05,e07,c1,p13,l3,1
i16,e01,c5,p04,l3,3
i05,e08,c1,p03,l3,1
i34,e09,c5,p28,l3,2
i41,e11,c1,p11,l3,1
i16,e09,c5,p22,l3,1
i38,e06,c4,p05,l3,1
i38,e10,c1,p26,l1,4760
i33,e08,c1,p04,l3,1
i38,e10,c1,p10,l3,68938
i38,e08,c1,p01,l2,5006
i06,e08,c5,p03,l2,6785
i06,e10,c5,p09,l3,11928
i14,e09,c5,p09,l3,11
i38,e10,c1,p09,l3,3606
i19,e08,c5,p10,l3,88
i17,e08,c5,p12,l3,49
i38,e11,c1,p12,l2,4920
i06,e12,c5,p24,l3,317
i38,e06,c1,p18,l3,401
i06,e10,c3,p04,l3,560
i06,e11,c5,p30,l2,4792
i02,e09,c1,p21,l3,213
i38,e06,c1,p35,l3,159
i17,e11,c5,p03,l3,31
i16,e08,c5,p19,l3,19
i06,e09,c5,p16,l2,4832
i06,e11,c5,p31,l2,4871
i05,e04,c1,p35,l3,20
i02,e09,c1,p13,l3,79
i46,e11,c1,p15,l3,120
i38,e04,c1,p19,l1,4925
i06,e10,c5,p32,l1,4795
i39,e04,c5,p12,l3,100
i01,e08,c1,p22,l3,2
i39,e09,c5,p04,l3,16
i05,e12,c1,p29,l3,43
i41,e04,c1,p04,l3,13
i38,e04,c1,p33,l1,4763
i17,e08,c5,p03,l3,62
i18,e09,c1,p35,l3,20
i34,e09,c5,p10,l3,42
i17,e11,c5,p13,l3,72
i34,e09,c5,p12,l3,8
i34,e08,c5,p06,l3,37
i06,e09,c5,p13,l2,4799
i38,e10,c1,unknown,l3,31
i16,e04,c5,p26,l3,3
i01,e04,c1,p07,l3,6
i23,e04,c5,p17,l3,7
i46,e08,c1,p13,l3,2
i16,e09,c5,p12,l3,3
i16,e08,c5,p05,l3,1
i17,e04,c5,p22,l3,27
i03,e11,c5,p16,l3,4
i23,e03,c5,p17,l3,8
i38,e10,c4,p25,l3,10
i81,e01,c5,p35,l3,3
i21,e09,c1,p19,l3,2
i14,e09,c5,p12,l3,2
i16,e08,c5,p13,l3,17
i06,e04,c3,p21,l1,4760
i05,e04,c1,p32,l3,5
i63,e04,c1,p10,l3,2
i05,e07,c1,p05,l3,5
i02,e04,c1,p20,l3,4764
i17,e04,c5,p25,l3,7
i41,e07,c1,p01,l3,10
i34,e03,c5,p20,l3,4763
i16,e04,c5,p07,l3,4
i46,e01,c4,p29,l3,1
i27,e01,c5,p21,l3,3
i13,e08,c5,p28,l3,2
i21,e09,c1,p22,l3,1
i23,e04,c5,p14,l3,4760
i14,e04,c5,p03,l3,3
i30,e09,c1,p14,l3,4761
i34,e01,c5,p24,l3,2
i38,e09,c4,p15,l2,4760
i27,e04,c5,p04,l3,1
i14,e11,c5,p24,l3,1
i38,e08,c1,unknown,l2,4760
i38,e11,c1,unknown,l2,4760
i13,e05,c5,p11,l3,1
i01,e08,c1,p05,l3,42
i06,e10,c5,p32,l3,7445
i06,e08,c5,p15,l2,8227
i06,e08,c5,p05,l2,7235
i38,e10,c1,p07,l2,4806
i38,e09,c1,p18,l2,4799
i06,e10,c5,p13,l4,2116
i06,e10,c5,p28,l4,890
i06,e10,c5,p30,l4,76
i02,e09,c1,p01,l3,206
i39,e09,c5,p10,l3,47
i38,e01,c1,p13,l3,315
i02,e08,c1,p25,l3,255
i17,e11,c5,p12,l3,96
i38,e11,c1,p24,l2,4857
i06,e10,c3,p19,l4,33
i39,e04,c5,p04,l3,65
i41,e07,c1,p12,l3,2
i34,e03,c5,p07,l3,32
i17,e11,c5,p07,l3,27
i38,e06,c7,p10,l3,34
i05,e06,c1,p13,l3,5
i38,e08,c1,p02,l2,4791
i42,e05,c5,p19,l3,4
i02,e08,c1,p09,l3,409
i41,e04,c1,p02,l3,4762
i23,e01,c5,p10,l3,8
i38,e07,c1,p12,l2,4760
i19,e10,c5,p10,l4,58
i38,e01,c4,p29,l3,3
i14,e08,c5,p12,l3,66
i41,e07,c1,p17,l3,2
i39,e01,c5,p05,l3,14
i38,e10,c1,unknown,l3,2
i38,e10,c4,p22,l3,71
i23,e01,c5,p07,l3,13
i38,e10,c1,p14,l1,9541
i17,e01,c5,p29,l3,18
i27,e10,c5,p15,l3,2
i38,e10,c4,p02,l4,4769
i38,e10,c4,p32,l4,36
i38,e11,c4,p11,l2,4762
i38,e12,c1,p07,l3,23
i05,e01,c1,p21,l3,12
i06,e10,c5,p09,l2,4801
i12,e04,c5,p11,l3,11
i07,e12,c5,p18,l3,6
i13,e08,c5,p21,l3,1
i12,e08,c5,p11,l3,7
i01,e08,c1,p25,l3,7
i39,e04,c5,p22,l3,9
i38,e11,c1,p23,l2,4815
i17,e11,c5,p26,l3,4
i38,e10,c4,p09,l4,11
i39,e01,c5,p12,l3,31
i38,e12,c4,p21,l3,5
i48,e11,c1,p35,l3,23
i23,e01,c5,p18,l3,1
i23,e04,c5,p15,l3,21
i21,e12,c1,p10,l3,7
i17,e08,c5,p11,l3,31
i38,e10,c1,p28,l2,4766
i06,e01,c5,p08,l3,11
i01,e04,c1,p09,l3,2
i14,e08,c5,p23,l3,4
i12,e04,c5,p12,l3,2
i16,e01,c5,p16,l3,1
i02,e01,c4,p35,l3,5
i38,e08,c4,p25,l2,4822
i14,e11,c5,p08,l3,2
i13,e11,c5,p17,l3,5
i16,e05,c5,p19,l3,1
i29,e09,c5,p07,l3,2
i05,e03,c1,p11,l3,3
i17,e08,c5,p23,l3,4
i42,e02,c5,p32,l3,4760
i38,e11,c4,p09,l2,4760
i05,e06,c1,p12,l3,1
i41,e09,c1,p25,l3,1
i06,e02,c5,p13,l1,9519
i12,e09,c5,p29,l3,1
i38,e10,c4,p10,l1,4760
i14,e04,c5,p24,l3,1
